FILENAME,True_Value,Easy_OCR_Result_Value,Created Model,Updated Model
TRAIN_00001.jpg,BALTHAZAR,B A LTh4 2 A R,6WALTHA7ABVH1YT1,EMALTHA2A8VI11T1
TRAIN_00002.jpg,SIMON,5i Mon,5WIWW,5M7KD
TRAIN_00003.jpg,BENES,QE N e 5,BEWES,BEWE5
TRAIN_00004.jpg,LA LOVE,La Lo 6 €,WW7WYUYEVIDHN1JR,HWYQYVYEVIDVV1JR
TRAIN_00005.jpg,DAPHNE,PRENOH; 0 AphVe,PIDAPHWF,PCDHPHVE
TRAIN_00006.jpg,LUCIE,Lu ( | [,LUC1E,LVC1F
TRAIN_00007.jpg,NASSIM,H; HaSSl,WIWASIS1H,M1NAF1S1M
TRAIN_00008.jpg,ASSRAOUI,ASSRaovj,NWYIYMASSYQ1AUH0UTWLVV,1MY1YYA55YQ1AUV0VTWIVV
TRAIN_00009.jpg,LAVIAN,AAH; ( UAvYhU,1WI41WVFAW,1M14LWVFAX
TRAIN_00010.jpg,MAEVA,DatF,WHQFFW4WHW,WHQAEMVWHW
TRAIN_00011.jpg,EMMA,EhM 6,EHHF,EHNF
TRAIN_00012.jpg,MOULINIER,"H ou | ,",621H01UNJW1RNICYF1Y,611H01MV1W1YNICY511
TRAIN_00013.jpg,ELISE,ELI SE,EFII5E,EF1I5E
TRAIN_00014.jpg,HONNERT,Kon n( ( T,N0WWF1T,60NWE1T
TRAIN_00015.jpg,MATHEO,M A T H € 0,MWWHTWHWE0LW,MMMATWHWE0IW
TRAIN_00016.jpg,PETITDIDIER,pftITdi,JWCPETITDIDIEB,IM1PETJTDJDIEX
TRAIN_00017.jpg,PAULINE,p A v L In €,PAVL2WF,PAVFINE
TRAIN_00018.jpg,LOUVENAZ,L0Vh1 Uaz,WYIYL401UVW1E2VWAIZD6J,WY6YLY01UVV1EJVVIIIDCV
TRAIN_00019.jpg,BOURQUIN,6 0uRqui /,BW0VBQUINY1YVVWJY,BM0VBQVIWY11VVVJR
TRAIN_00020.jpg,ROMAIN,Ro M / #,8BMA1N,80MA1W
TRAIN_00021.jpg,ASMA,02nA,M6WJWJFJZJZ,M1MGH111111
TRAIN_00022.jpg,CYRIELLE,Cy R; [Ll L,CYFBFZELLE,CY1Q1IE6L2
TRAIN_00023.jpg,LILOU,LI Lou,LIL0U,LIL0U
TRAIN_00024.jpg,ESTEBANN,"Fa: Ls Fek,",BIE5FCKDN4,M1E5YCLLNN
TRAIN_00025.jpg,MITHIEUX,mit#ieuk,N1THJEUX,T1TH1EYX
TRAIN_00026.jpg,MARION,H A R |,H6WJABJ10FHJZWJZJ,H1M1XP1I01H111111
TRAIN_00027.jpg,THOMAS,T h om | s,TH0MA5,TH0MA5
TRAIN_00028.jpg,ANAIS,ana; s,NNA11S,NWA11S
TRAIN_00029.jpg,BROLL,NOM;,WMJYMBB16CYLYLJTVJ6,MM1YMFA1RR1L2LJGRJ6
TRAIN_00030.jpg,JAFFEUX,JaFFeox,7AFFEUX,JAFFEYX
TRAIN_00031.jpg,ANNE,Kane,WWWNWEWNW,MWQYWEWAM
TRAIN_00032.jpg,PREVOST,Prevost,PMBEV0ST,PYBEV0ST
TRAIN_00033.jpg,ROMANE,Ronane,HWANE,VWANE
TRAIN_00034.jpg,BRUGERIE,0 Rvg Eri €,BKUGEB1E,B8VGEB1E
TRAIN_00035.jpg,NOLAN,8,P2H0LLJWIN,F1W0LIJWIA
TRAIN_00036.jpg,LORENTIN,(0 R F NT iN,1IDBFNT1W,1108FN71W
TRAIN_00037.jpg,ELISA,El | $ F,EL7SA,E17SA
TRAIN_00038.jpg,PAULINE,Paultn,WPWWWLIWWNW,MPMHMLJQHMM
TRAIN_00039.jpg,FRANCOIS,Fr A N $ 0 ' 5,WFWBAWNWF0IISNW,WFMBAWWQF011SWM
TRAIN_00040.jpg,MAUPAS,Ma U P A s,WAUPAS,MAYPA5
TRAIN_00041.jpg,MEISSA,KETSSA,HETSISA,RET5ISA
TRAIN_00042.jpg,REBACH,,4RIIYFR4,4I1I1YVY
TRAIN_00043.jpg,ERWAN,eR v' ;,EWW1III,EQW1II1
TRAIN_00044.jpg,AMBROISE,Ams Ro |$ E,AMBB1DISE,AM3B1J1SE
TRAIN_00045.jpg,LAURA,LAunt,WLWAWWWNW,MLMAHMWNW
TRAIN_00046.jpg,AHMED-KHODJA,Ahmed-khody Q,PZA5WYJMKYNY067W2,P1A5M121K1RP0A1H2
TRAIN_00047.jpg,LOISE,L o$s &,WW1DFW5WEAW,WM1DFQ5WENM
TRAIN_00048.jpg,ELBAKKALI,ElBA kkal;,ELWXKALS,ELWXKALJ
TRAIN_00049.jpg,BENZINA,0 E8zi | G,DENZIWF,YER21WF
TRAIN_00050.jpg,LAQUERRIERE,Laoue Rr i € A €,LAQWBB6EBE,LAQWBBIE8E
TRAIN_00051.jpg,YAEL,YAE L,YAFL,YAFL
TRAIN_00052.jpg,VITRE,V[Tre,VITKE1,VCTP51
TRAIN_00053.jpg,GUILLOT GOGUET,6 06 LeT,GUZLLJG0GWD,GUFLLJG0GUW
TRAIN_00054.jpg,BOLOZAN,0olozan,8IYBBL0ZDNF7I,P11BSL0ZDD1TI
TRAIN_00055.jpg,MATHEO,Nez hc 6,WA7HEG,HA7HE0
TRAIN_00056.jpg,SHA I,Gha,WH1,WHI
TRAIN_00057.jpg,VICTORIA,Vi (toR | A,VJLT0B7A,V1LTJBTA
TRAIN_00058.jpg,JULIE,Ju [ | E,J6WWV1JIWEWILW,JIMWULGIJEG11W
TRAIN_00059.jpg,BARBIER,Ba Rai EA,WFABIEA,M1ABIEA
TRAIN_00060.jpg,GILLES-LAWRENCE,61l les-LaWRenge,WWIG1LYLREYS7MLYAWENCE,WM1G1L1L1EY51ML1AWENCE
TRAIN_00061.jpg,DUPRAT,0 u prat,DUPAAT,DVPQAT
TRAIN_00062.jpg,LABARH,Ledar h,LEBAAH,LEBAQH
TRAIN_00063.jpg,REMI,0cmi,NEM6,AEYG
TRAIN_00064.jpg,BLANLO,8l ANL6,WYIYB4L1AKYDL10VUVDX,MY1YBYL1AR1N1I0VVV0V
TRAIN_00065.jpg,ARGITXU,Rg Txu,ABG1TXU,APGITXV
TRAIN_00066.jpg,SINEM,Si NEM,S1W1NEM,S1MINEM
TRAIN_00067.jpg,LISON,L ! S0N,6LWJ1UW,1LM11WW
TRAIN_00068.jpg,PAYEN-MERLE,M € R L €,PWAYEWANFHY2LF7YJN12,PMAYEWINFQV2LE1TVN1I
TRAIN_00069.jpg,INES,AES,W2IBES,W1IWES
TRAIN_00070.jpg,NAWFEL,NAwF E L,WWNWMWELNW,MMMWMWELMM
TRAIN_00071.jpg,WADSWORRE,1r,WW02SW01RQVLMVU01R,WM02SW01RQVRTVVP1R
TRAIN_00072.jpg,CROCHARD,C8ocha8o,LWI1CBDYCRHYA1BID117,1M11C80YCVH1A181DI11
TRAIN_00073.jpg,FREDERIC,f Rt 0 € < i €,WWFBNENDWEE3CHW,1MFBDEWDWEE1C1W
TRAIN_00074.jpg,RODRIGUES,Redri GvEs,8GDK1I1GVEY,WCDK111GVEY
TRAIN_00075.jpg,AUBANE,0 4oA N E,H12WIWE,W11WIHE
TRAIN_00076.jpg,ELISA,ELi $A,EYLYFSA,E1LYFSA
TRAIN_00077.jpg,ACHOURI,A thovR ',YHW0UF11,YAW0UB11
TRAIN_00078.jpg,MAEVA,JhENH: HAeva,4CHAEVA,P1HAEVA
TRAIN_00079.jpg,GRINAND,6r8 NAno,WWIMGWB6TUN0A4NM04NY,MW1MGMBGYCN0AYNM0YDV
TRAIN_00080.jpg,ANTOINE,An Fof 0e,ADF05NC,ANR09DC
TRAIN_00081.jpg,SANA,PHEM: SAna,PI5AWA,P15ANA
TRAIN_00082.jpg,ENZO,E N 2,EWNZD,EMNZD
TRAIN_00083.jpg,DOMAS,00U,6W72ND01H4VASVVUJ4V,1MY1YD01HVVASVVVJYV
TRAIN_00084.jpg,MALOLEPSZY,MoM:,IWIMHL70YRLEYPSNZ1Y1,IM1MAL1Y1RLE1PSVZ1Y1
TRAIN_00085.jpg,THOMAS,7 4,WWTHDWMWASNW,MMTHDQMWA5MW
TRAIN_00086.jpg,JULIE,J U [ I E,JULIE,JULIE
TRAIN_00087.jpg,KADIR EREN,0,P66IK1LADL11IBINLEAP1ENWWIU,P1I1KI19D111IAI1IEIP1EWWWIG
TRAIN_00088.jpg,PERIOL,Peri 0 1,PWMEP4EDYMZUVJFJAW,PMYEPYC01YZVVJCJIW
TRAIN_00089.jpg,BGUGEAU,GakgEAu,MQ,PW
TRAIN_00090.jpg,SOCHET,Sochet,6WI15DC7HEYTF17YI,GM1150C1HEIT11TY1
TRAIN_00091.jpg,TROUVAT,TRovVAK,IBDUVAY,IKDVVAY
TRAIN_00092.jpg,GARGUEB,64 rgueb,GWAPGUEB,GMAEGVEB
TRAIN_00093.jpg,CORALIE,Copali€,C0BAL1DF,C0QAL11E
TRAIN_00094.jpg,VANDENABEELE,VANDENAAc€le,WVANDEWAAEFLCN,GVAWDEWAAFFLC1
TRAIN_00095.jpg,TEZKRAT,TEzkk Ac,LWIT2YMAT47,1M1TU1MHTVY
TRAIN_00096.jpg,ASHLEY,ashley,ASH1EY,ASHLEY
TRAIN_00097.jpg,CAGNARD,cagna rd,CWAGNABD,CMAGNAAD
TRAIN_00098.jpg,SANOGO,VOM,WWFAWI1IWUYNH36I0773FII,MWLMW711WVYD13VI0TR3F11
TRAIN_00099.jpg,AMBROSS,0h 8r os,AMBF0S,AYBP05
TRAIN_00100.jpg,GAROT,60rot,GAB07,GAB07
TRAIN_00101.jpg,NOUR,N0 U r,WN0U8YYY41Y7V,WW0V8YY1I1YTV
TRAIN_00102.jpg,TIMOTHEE,HEe,IF2T1HWHIE,1P1T1HYHIE
TRAIN_00103.jpg,MILIANI-THIBA,ThIoa,HILIAWINTHIW,AILIAWIITHIM
TRAIN_00104.jpg,THEO,TVEO,TH7YEY0,TH11EY0
TRAIN_00105.jpg,GOURDELIER,60urdelier,82G0WDELIEB,P2GDWDELIE8
TRAIN_00106.jpg,VINCENT,Vi AcE Nt,V1IWKBDT,V1IMCFHT
TRAIN_00107.jpg,WILLOQUAUX,W;LLoQuau,WWIYWW1PIWLLJ0QJUYAYU4XU,WM1YMH11IYLLJ0QVVYAVVYXV
TRAIN_00108.jpg,LOVIS,Lov / 5,1DVIS,L0V5S
TRAIN_00109.jpg,VERSTRAETE,Veas t @Aetl,VFEBSTAWTE,V1EB5TQMTE
TRAIN_00110.jpg,SINDI,PhehOH: SiNDi,PISIHDT,P1SIHDJ
TRAIN_00111.jpg,LUC,Lvt,6VCF,LV61
TRAIN_00112.jpg,EMMA,CNMA,F6IBI0NWNNMNWWIW,P11MIDAM0AMDWW1W
TRAIN_00113.jpg,DERVAUX,DErv AvX,WWIDEBVAUX,NM1DE8VHUX
TRAIN_00114.jpg,GUILLO,gui lLo,GVILL0,CYILL0
TRAIN_00115.jpg,MEUDIER,Hpunier,MWIMWWZUUUNDTDW00YW,MM1QHMIIVVDDTDH0CYH
TRAIN_00116.jpg,COLLIN,ColLIN,C0LLIW,C0LLCW
TRAIN_00117.jpg,MACKER,nf Ck e,NW7YHCYKYEPYWJWIVTR,NM1YAC1K1E8YWI21VTV
TRAIN_00118.jpg,RAPHAEL,HHH; A HAHHEL,WIKAPHAEL,M1KFPHFEL
TRAIN_00119.jpg,FERON,F:ron,FEBDW,FE80W
TRAIN_00120.jpg,DAUMESNIL,Da vheSni L,WUNE5NSL,MVMESWGL
TRAIN_00121.jpg,VINCENT,vin ( E Nt,VWFWCEWTY11RV1,VM5MCEWT1111V1
TRAIN_00122.jpg,BOUTET,Bovtet,B0VTE7,B0VTET
TRAIN_00123.jpg,BERNARD,BE RNA R o,BEKHABD,BEKNAKD
TRAIN_00124.jpg,BENLAHSEN,Bz nl ahsen,WNLAHW,HNLAHW
TRAIN_00125.jpg,COSSA,C 0 $ $ A,C0SSA,CCSSP
TRAIN_00126.jpg,BELOEIL,0 ELoe |L,BF10F11L,AE10F11L
TRAIN_00127.jpg,MARTINS,hartf n;,NA2T9WJV,MA2TFNI1
TRAIN_00128.jpg,RAYANE,SHHH; RaVkl,4IBAYAWE,41BAYAWE
TRAIN_00129.jpg,BRACONNIER,BraconnIER,WC0WHIEB,WCCHAIE8
TRAIN_00130.jpg,ANDREA,FHEH; MU_R6A,ACAWDBEP,A1AWDPEF
TRAIN_00131.jpg,BOEUF,Gae 0 f,IWWIMBW06FVDD4F0V0FN,1MM1MBM0GEVY04F0V0GN
TRAIN_00132.jpg,BAPTISTE,8 4 Pf i 5 7 8,BAPTF5TE,BAPTF9TE
TRAIN_00133.jpg,CHRUSCIEL,chrvsctEl,WCCHP4US1CJIELF,M1CH8TVS1C1IEL1
TRAIN_00134.jpg,JAUREGUIBERRY,JAurcsviber Ry,NWCJAUBEGUIBEKBY,0M1JAU8EGVTBE8FY
TRAIN_00135.jpg,SATDANI,"Sa "" )aNi",5A1DANI,5ARDAPG
TRAIN_00136.jpg,VINCOTTE,VImcOtt €,VJUF0TAE,VJUF0TAE
TRAIN_00137.jpg,NAIT SIDI AHMED,Uatt 5101 Ahken,8CYWAYVTYV54IYDY1YRAHHED,PC1HAYVTYVSY11D111FAHYED
TRAIN_00138.jpg,JANATI,Janat;,IWI1JAW7AHT1ND2Y7WM,IM11JAW1AVT1M11YYNV
TRAIN_00139.jpg,GARRIDO,Gh RR Do,I8IU6A81B1VDD,1F1VGA81F1VD0
TRAIN_00140.jpg,BENSAIS RUEDA,Au E 04,BENSAI5WEW,BEYSAIFWEM
TRAIN_00141.jpg,ULA,FrenoM; VLA,Y6IUNHMNAAAANAWIW,T1RVDHMAQAAANAM1W
TRAIN_00142.jpg,LUC,lv €,IU1I,1U1I
TRAIN_00143.jpg,GARCIA,6 A R € 1 A,GFPCIA,GAPCIA
TRAIN_00144.jpg,GENIQUE-ENNIS,GEMicve. E Hi $,IWIGEWNITC4L1EYW1FNA1IS,IM1GFIWL1C1L1E1I1FWA1FS
TRAIN_00145.jpg,OCEANE,(Ociaure,MWWWWNW,MMWMQAM
TRAIN_00146.jpg,ALEXANDRE,LEX ANDRE,ALEXANDPF,ALEXAADQE
TRAIN_00147.jpg,MALTET,1 0 ltet,HBLTET,HALTET
TRAIN_00148.jpg,PEREZ,PEREz,DYFQEZ,FYEQEZ
TRAIN_00149.jpg,LEGRANCHE,LE G R A Nc # €,LWEGBAWCHEYYVVVYN4,LWEGKAWCHEV1VVVYVN
TRAIN_00150.jpg,ROMANE,Uccr_,4IAIQM011TAANEN1INWIIW,FIA1QNC11TAMQE01INMIIM
TRAIN_00151.jpg,ANDRE,Anore,AWWE,ANWE
TRAIN_00152.jpg,LILI,ZL i,P1RIL0IULAI00R010WIIW,F1R1L0J0LAI00R010WIIM
TRAIN_00153.jpg,RICK,SAOH; RTck,FIBICK,PCBICK
TRAIN_00154.jpg,ORLANNE,IRLAVHE,BI0BIAWNE,F10PLAWQE
TRAIN_00155.jpg,EWEN,HRwH; FHEH,IWIWEN,1M1HEW
TRAIN_00156.jpg,BOGLARKA,DATE DENNISSANG,WWKGWLWABKAW,WMWGWLWAAKAW
TRAIN_00157.jpg,GUST,gvSt,GUST,GVST
TRAIN_00158.jpg,LIUUT,,I11IJF,111I1F
TRAIN_00159.jpg,DJAVID,DJAV | D,WDVIDHJN1YF,MHV3DVI1111
TRAIN_00160.jpg,MARGAUX,Feh: Hhachux,MSHAKGAUX,MGNAKGAUX
TRAIN_00161.jpg,DHULU,NoM;,WMIMDWHLUJ1DIL1LYZFD,MM1YDM4IV4101111YYY0
TRAIN_00162.jpg,CADWAL,canwal,CJAWL,C1AWL
TRAIN_00163.jpg,WATTIEZ,WATTi Ez,WATTTEZ,WATTTEZ
TRAIN_00164.jpg,CORDON,(0r 00 N,C0FDQW,C0BD0N
TRAIN_00165.jpg,QUENTIN,HWH; OVFVTU,MIQUEWTJN,Q1QUEWT1H
TRAIN_00166.jpg,RAYAN,RA XaN,BA74FAYN,BA141A1W
TRAIN_00167.jpg,THOMAS,BENH; T Ho HA 5,IF2TH0HAS,1F1TY0HAS
TRAIN_00168.jpg,CUCHERIL,(ochEril,CUCHEP7L,CUCHEPFL
TRAIN_00169.jpg,LOUIS,M,BIL0UIS,P1L0UIS
TRAIN_00170.jpg,ELINE,PHHH; 6 VNg,M2EL1NE,M1EL1ME
TRAIN_00171.jpg,ARTHUR,R T H,WAWBTWHWUAAW,MAMAT1HWVAIM
TRAIN_00172.jpg,GUEDJ,6ueoj,GWUMJY,GMUUJ1
TRAIN_00173.jpg,FONTAINE,Fo NT A | NE,F0WTAJNE,F0WTA1WE
TRAIN_00174.jpg,SIMEON,Si HE oh,SIWW,SIWM
TRAIN_00175.jpg,GARCIA,6a Rc iA,GABEFA,GAMCIA
TRAIN_00176.jpg,LEGRAND,Leca And,LEGBAND,LEGAAWD
TRAIN_00177.jpg,CORENTIN,CorenT i N,C0YBYEW1N,C01BYEWIN
TRAIN_00178.jpg,MARIE,4 0 R I _,WHWABMIWENW,MHWAPMIMEMW
TRAIN_00179.jpg,ENATH,[Uath,EUNTH,EYNTH
TRAIN_00180.jpg,EMMA,ehma,EMNA,EHHA
TRAIN_00181.jpg,MOLDE,{0()2,Y0LN75,YC1VY5
TRAIN_00182.jpg,CHARLOTTE,EreHH: RhXRLOTTe,HZ5HABLDTTF,P1CHA860TTE
TRAIN_00183.jpg,CAMILLE,H: CaHi Lll,HICAMILLE,M1CAPILLE
TRAIN_00184.jpg,MAILLET,Ha _Let,II1FIMJA3LLJET5,111F1M1ACLL1ET5
TRAIN_00185.jpg,MAUNIER,MA V Ner,MFF77I1WFUYNY14EFBIHYY,P1111I1W1U1WT11E1P1Y1Y
TRAIN_00186.jpg,REBECCA,HHH; Renecca,AIBEBECCA,MR8EBECCA
TRAIN_00187.jpg,TRISTAN,ta i St Av,TDISTAW,TDISTAX
TRAIN_00188.jpg,TAIVEL,TA,WWRM7WID6V4T30IY35N,WQIMYW1DGVGC3C1Y35A
TRAIN_00189.jpg,BENJAMIN,RHeHM; AehShhiu,F2MWJAMDH,F1WMJAM3A
TRAIN_00190.jpg,RODRIGUEZ,R 0 0 R i 6 VE2,B0DATGUEL,80DA3GVE1
TRAIN_00191.jpg,GILLE,Gill(,GM6LLE,GMILLE
TRAIN_00192.jpg,PIBOURRET,pIHOoRret,WDA0U8BET,PWA0U8PET
TRAIN_00193.jpg,HAJJI,hassI,MHAW,YHAW
TRAIN_00194.jpg,LINE,L INE,WLWIWWWWW,MLM1WNW1M
TRAIN_00195.jpg,REYNAL,ReyMal,WMCMPWEIVYN4BCC7T2JT,MM1MAMEGNYW4AC17122T
TRAIN_00196.jpg,NATHAN,PHH: KKTk,MIWAYH21I,M1JAR5F1I
TRAIN_00197.jpg,CROENNE,caoen N E,CA0EWNE,CBCEWWE
TRAIN_00198.jpg,ILLANA,I Ll A,IWQLLWAWWHNW,IMQLLMAMQANM
TRAIN_00199.jpg,AGNUS,0g N v s,WAGWUSF,WAGHYS1
TRAIN_00200.jpg,ROMAIN,0ha,PIB0RA11N,P1B0RA11N
TRAIN_00201.jpg,EVAN,PhehM: FVaV,FIE1VLAWNLIAJWJ,P1E1V1AW1IIA1G1
TRAIN_00202.jpg,LILOU,L ' Lou,LIYLDU,C1FL0U
TRAIN_00203.jpg,MATHIS,MAt 4,6WHWAT6H6IFSJZJ,1WH1AT1H111S111
TRAIN_00204.jpg,KHELOUL,KH E-ouL,WWEL0ULTT7TT,MHEL0UL11111
TRAIN_00205.jpg,YOCOUBI,Yo Coub,YDCCUK1,Y0CCU6I
TRAIN_00206.jpg,COLINE,RHH; c0L i Ve,BICW1IWE,M1CW1IXE
TRAIN_00207.jpg,MELIA,JHH; H,WIRE11A,W1RE11A
TRAIN_00208.jpg,FUZELU,F426lv,WWCPU2VEF1U7TRFV,1W18V7VE11UY1R1V
TRAIN_00209.jpg,ROUES,0 i E $,RUUE5,XRHKY
TRAIN_00210.jpg,MAXIME,"May ;""€",1YIZY11YIR,1YILY11Y1R
TRAIN_00211.jpg,GIBAJA,6I Aaja,YWWA,YWWA
TRAIN_00212.jpg,DAVID,VNV_,T1RIIIYYHVN1ID1WN4NWINM,F1R1IIJYHV111D1IN5MWINM
TRAIN_00213.jpg,MAELYS,PrEnok: 61 flV $,8I6INANELIY1J1NWI1W,F161N91EL1Y1J1MMI1M
TRAIN_00214.jpg,ROBERT,Ro Bc Rt,B0WFT,P0W8T
TRAIN_00215.jpg,SACHA,KHHH; Sacha,FI5ACHA,F15ACHA
TRAIN_00216.jpg,ELOISE,Flotst,DEL0IA1SCDW,IEL011ISCIM
TRAIN_00217.jpg,CONSTANT,(0nst,MMIYCM01NVS0TRAVWVU11,PM1YCM01NVSVTRAVMVV11
TRAIN_00218.jpg,AMAL,ANAl,AHAL,AHAL
TRAIN_00219.jpg,AMELIE,0 m ELIE,PWWMEWLWIEWW,AMMMENLWIE1W
TRAIN_00220.jpg,DYLAN,DyL a N,DYLAW,DYLAW
TRAIN_00221.jpg,COUDOUR,(ou DouR,6WYS7CYDYVUDV0VU1B1LVY,1MYGYCYD1VUDP0VU1B11VI
TRAIN_00222.jpg,CAER,(aer,6Z1CKYE81HY1MI,M11CKYE8IV11R1
TRAIN_00223.jpg,UGO,0 6 0,U160,V160
TRAIN_00224.jpg,FLORA,FLORA,FL0PA,FLCPA
TRAIN_00225.jpg,ELOAN,EL 0 4 N,EL03NI,EL0AN1
TRAIN_00226.jpg,KADDAR,Kadda,LW2IKYFAYDDHAYBYYVYN,1M11K11AVDDYA1EYVVYT
TRAIN_00227.jpg,KECIAN,#WH; KEG LV,M2GF11AN,M1KCI1AN
TRAIN_00228.jpg,HUDON,#Udov,HWUD0NYYY7YY,HWVDCVYT11YT
TRAIN_00229.jpg,BUTEUX,Rute,WMIMBMUNTVYEIUX277CN,MMSMHMYITVYEIUXITNCA
TRAIN_00230.jpg,DUAULT,Dvav L T,JDVAWVLT,1DVA1VLT
TRAIN_00231.jpg,BENITO,bEnito,IWIBEN73YT071TN,1M1BEW1SYT01111
TRAIN_00232.jpg,VERENE,VERE We,VWWEBWEWWENW,VMWEXWEWWENM
TRAIN_00233.jpg,MAILI,PHMH; HAtli,IWIHATLI,1W1NATL5
TRAIN_00234.jpg,BROSSARD,0ao Ss 4aD,BWSSQW,BWSSQW
TRAIN_00235.jpg,GWENOLA,6 W€ K ol 0,6WEK0LA,GWEK0CA
TRAIN_00236.jpg,PEREIRA,? E AE i Ra,WDEGEIBDYVNYYVYY,M0EPEIBPYVVYYVIY
TRAIN_00237.jpg,MONICA,MREH; Hohica,BIH0W1CN,M1H0W1CN
TRAIN_00238.jpg,EMELINE,JPHEHH:; E Helive,4IEHEL1NE,P1EHEL1NE
TRAIN_00239.jpg,TANGUY,taigvv,TAN6U1V,TAJGGIV
TRAIN_00240.jpg,MATHIEU,FREMH;  HKt k kF,4INATHIIIIVI6I,P1YATH1FEIV111
TRAIN_00241.jpg,RAPHAELLE,Rp P 4 A € L L &,WEAPHAE1ZE,MEAPHAELLE
TRAIN_00242.jpg,MATTEO,HH; Hact60,MIMATTE0,M1MATTE0
TRAIN_00243.jpg,LEA,CE A,LWEA,LMEP
TRAIN_00244.jpg,REDWAN,PREVM; RE DNa|,W2BEDWAM,W1PEDWAM
TRAIN_00245.jpg,CAROLANE,~ARul AAc,Y1AFWLD41E,Y1FFVLFR1E
TRAIN_00246.jpg,EDGAR,E064 (,ED6A2,EDVA8
TRAIN_00247.jpg,EMPTY,PHENH;,WIFIJ,M1Y11
TRAIN_00248.jpg,DUHOUX,1 Va OuX,DUT0UX,YUYCUX
TRAIN_00249.jpg,CLEMENT-GAUTIER,( L [ M [ Nt . 6 4 Ut ) € R,CLEMENTNGNUR7EA,CL2MENT1GAVT7GA
TRAIN_00250.jpg,WANDA,aW VAM,MWAWW,MWAWW
TRAIN_00251.jpg,THOMAS,T Hom A$,THWAS,THWAS
TRAIN_00252.jpg,SAGEAUX,5geAux,HWISIAGNEAIUX,AM19IPGNEAIVX
TRAIN_00253.jpg,OSCAR,'S €ak,CSCAB,CSLAP
TRAIN_00254.jpg,SARAH,Sarah,SABAH,SABAH
TRAIN_00255.jpg,SUEDA,CLASSE,WWSUEWDWAW,MWSVEWDWAW
TRAIN_00256.jpg,GAUTHIER,60uTh; E r,GAUTH1IEB,GAVTH1IE8
TRAIN_00257.jpg,CLARA,cl aR,CWWCAWBWP0W,CWM6AQBWA0W
TRAIN_00258.jpg,JOUI,Jou `,JWU3YY714,JMV91Y111
TRAIN_00259.jpg,GUILHEM,Gui &HEH,GU1LHEH,GV1L4EH
TRAIN_00260.jpg,LE'DU,LE' Ju,LWYIYL4E1YID1VV4MIN1,1MY1YLYF111I1RVYM1N1
TRAIN_00261.jpg,REZKALLAN,Rezkallah,WIIGLEIZNJKALLAH,D1IP1EIZI1KALLAH
TRAIN_00262.jpg,YOHAN,Yo Ha N,Y0H9W,Y0H9D
TRAIN_00263.jpg,KLARA,KLa Ra,KLXNA,XLAXA
TRAIN_00264.jpg,LESSEUR,6 € 5 5 € U r,FWE55EUK1F,SME55ERK11
TRAIN_00265.jpg,BENKHEROUF,BEN kherouf,BEHWEF0UF,BEHWEP0VF
TRAIN_00266.jpg,PERAINE,Pe RAI NE,PEBAINE,PE8PIQE
TRAIN_00267.jpg,REDA,REDA,BEDA,PEDA
TRAIN_00268.jpg,COLIN,( 0! | N,C0Z1W,C0L1N
TRAIN_00269.jpg,HENEUVRIER,Heneu VRi E R,NEWEUVK1EB,HFNEVVKIEA
TRAIN_00270.jpg,UGO,Vko,PIUW6U,P1VW16
TRAIN_00271.jpg,AVRIL,PRENOM,AWQVKW1WLAW,AMQV8MIWLAM
TRAIN_00272.jpg,CRESPIN,"(rgsp, N",81ICNESFUIW,Y11CBCSF11W
TRAIN_00273.jpg,DEMONGEOT,Dehov ge ot,WWWWW0T,WMMWWPT
TRAIN_00274.jpg,HELENE,Hel E Ve,HE1LEW,HE1LFW
TRAIN_00275.jpg,CHARLOTTE,Cha R LotTE,CHAPL0TTE,CHHPL0TTE
TRAIN_00276.jpg,QUEHERE,QVEHE Re,QVEHEKE,QVEHEKE
TRAIN_00277.jpg,GANOO,6 A N 00,GAW00,GAJ00
TRAIN_00278.jpg,LOUIS,[0 UI $,LUUIS,LUUTS
TRAIN_00279.jpg,MARGAUX,HA Rg A Ux,WWWAUX,MMMAUX
TRAIN_00280.jpg,DYLAN,JHHH: VLA,WIDYLAN,M1DYLAW
TRAIN_00281.jpg,BERGEAULT,BE Rg€ A 0 LT,BEBGEA0L7,QEBGEAULT
TRAIN_00282.jpg,MALIA,MALIA,WLWMWWWWW,M1MGW1W1M
TRAIN_00283.jpg,GUILLEMETTE,GU | L L Emette,GU1L1EMETTE,GV1LLEMETTE
TRAIN_00284.jpg,HUGO,hugo,HUG0,HVG0
TRAIN_00285.jpg,GAVETTI,6avetti,6AVETTI1,GAVETT11
TRAIN_00286.jpg,ARTHUR,@hehoM: A Rt Hua,PIA6BLTIHIUIAI6NJ,P1F181TIH1VIAI1N1
TRAIN_00287.jpg,FLORE,; FHOHL,MITJBF,M1FF8F
TRAIN_00288.jpg,LE GOALLER,Goalcer,WLFG0ALUB4171YYY,MLEG0ALU8YI11Y1Y
TRAIN_00289.jpg,LOUISE,L 0 UI $ €,WLWDUWIWSENW,WLWD1MIMSERW
TRAIN_00290.jpg,VICTOR,PRENOM: Victok,4IVICT0B,P1VICT08
TRAIN_00291.jpg,RAMERINI,Ra Me & in i,BAWBL1M1I,KAMB11W1I
TRAIN_00292.jpg,SAUVAGE,Sauva 6 €,WWWAGEYY47N7Y0,YMWAGE1RP1P1TI
TRAIN_00293.jpg,MAUD,Haud,MAUD,MAUD
TRAIN_00294.jpg,SIMON,5 i H o K,WYIYSY61NY70YN1YWJ1,WY1YSYG1Y1T01H1VIL1
TRAIN_00295.jpg,GORIN,6 0 B/ 4,GCB1W,GCK1H
TRAIN_00296.jpg,THIRION,Thi Ri 0N,TYH1FI0N,TYH1B10H
TRAIN_00297.jpg,COULIS,(oulIS,C0UWS,C0UWS
TRAIN_00298.jpg,MARRISA,; HRK},WIXFPU3H,M1HFQW3H
TRAIN_00299.jpg,ARADJ,A R A 0J,ABHMU,AQAWV
TRAIN_00300.jpg,CHLOE,PHEHOM; ( MLoE,QICNL0E,Q1CNL0E
TRAIN_00301.jpg,TOURY,Tovry,IM5T0UAYYY,1Y1T0VQY1R
TRAIN_00302.jpg,FLORA,FLor A,FL0KA,FL08A
TRAIN_00303.jpg,CHARLOTTE,RHEHH; ( HArlotte,BICHAPL0NE,P1CHAPL0YE
TRAIN_00304.jpg,AYMERICH,AyncR ich,AYDCB1CH,FYYCPICH
TRAIN_00305.jpg,YOUCEF,Yo U € E F,WWWUWCWEFNW,YMQYMCWEFNM
TRAIN_00306.jpg,ARIANE,"""HHH; ORi AVe",BI0BFAHE,P1CBFAVE
TRAIN_00307.jpg,DUROCHAT,Mv Ratha,8I1DUYDQVCVH1AYTYY,P11DYYPGVCVHIA1T11
TRAIN_00308.jpg,GEFFROY,IfF Ro Y,WGFYEFYFYWYYY471VW4,MG1YEF1F1W11YVT1VJ4
TRAIN_00309.jpg,RAZAKARIVELO,60 20 Ka & | Ve [ 0,BWPIAXA81VELD,8W9ZAXP81VEL0
TRAIN_00310.jpg,GUERRIER,Gue R RIfh,HW2GUEBBIEB,AM15YE8BIEB
TRAIN_00311.jpg,NOEL,nocl,N0EL,N0EL
TRAIN_00312.jpg,BOUILLAUD,B 0 0 i Ll Au 0,BW0UILLAUDFYFY,BM0UILLAVD1111
TRAIN_00313.jpg,ELISIA,e/9s8A,EITSPA,EIFSFA
TRAIN_00314.jpg,HUGO,HU 6 0,MHWUGW0WAM,MHWVGM0QAM
TRAIN_00315.jpg,PLANTARD,PlA ucaa,WMIYWPL1A4W1TYYAWRWY,MM1YWPL1FYW1T1VAMVVM
TRAIN_00316.jpg,YANG,Yang,WYMAW4G1MUT1F1YL1J,MYMAWYG1YVT111Y21J
TRAIN_00317.jpg,MAXENCE,Fa; WHFUL:,WIHEXFNEE,M1HEXFNCE
TRAIN_00318.jpg,LUNA,LU Ka,LWUW,1WVH
TRAIN_00319.jpg,SASHA,Sa sha,SASHA,SASHA
TRAIN_00320.jpg,LIPPENS,L8 P p € Ns,LWZPFFKYT,LW9PFFR11
TRAIN_00321.jpg,JULIE,Juli €,YWWLMIEWNW,YMWLMFEWNM
TRAIN_00322.jpg,TRISTAN,R ; 5 T A,TWWQFWSWTAWNM,TMMQFMFWTAWMM
TRAIN_00323.jpg,BONNIE,00 Kwi €,B0NW3E,B0NW5E
TRAIN_00324.jpg,DELONGEAS,De l ON Gea $,WMIYWW11V0JNJKN4AJJ9I,WM1YHW11V0JNJWNUAJ15C
TRAIN_00325.jpg,PINEAU,PI Nefu,PIWFAU,PIWEAU
TRAIN_00326.jpg,PLICHON,r( { C4Dn,P1YCHDN,PC9CHDQ
TRAIN_00327.jpg,NOHANED-ALI,ALi',WHADEDMW7V,WHADEDNW1R
TRAIN_00328.jpg,TONY,T0,T00J,C00T
TRAIN_00329.jpg,RHITHAN,RHithHH,MIBHI7AN,M18HIYAN
TRAIN_00330.jpg,RUGNTER,ucmtco,WWIM7W11IUCWF4IWDN7P,MWCMTW116VCHF4CWD1JP
TRAIN_00331.jpg,ZOHRA,20 4 Ra,Z20H1DWLW,Z60H1IH1W
TRAIN_00332.jpg,THELMA,THelha,P2TIH6ELDHIAI,F1TIHIELIH1A1
TRAIN_00333.jpg,NAVE,XAV &,8IWVYIEYYY,F1HV11EV11
TRAIN_00334.jpg,OVIZE,Qvize,WT2DMV1UTZUEJ27GUL,MP10MV1VFZVEJG75UV
TRAIN_00335.jpg,DE ARAUJO,De aRavjd,PIDEYABAUJD,PCDE1A8AVJD
TRAIN_00336.jpg,LEA,E,PCLEALNJJJ,P1LEA1L11J
TRAIN_00337.jpg,MOKHTAR-DIDOUCHE,"hokht Ar "" 0|00uche",WHBKHTP2NDID0UCW,MH0KHTPQIDID0UCK
TRAIN_00338.jpg,GUILLET,Llet,6UFLLFT,GY2LLFT
TRAIN_00339.jpg,COUMES,MES,W5DUWESYIVUV7IV,M56RMESV1VVV71V
TRAIN_00340.jpg,BENNOURA,BENwov Ra,WMIMWBEDWHNVW0URUBAWPJA,WM1YWBE1WVNVV0UNVQAWPJA
TRAIN_00341.jpg,ALIX,A liX,AF1DY,A1LUY
TRAIN_00342.jpg,FLAVIE,Flav ' E,FLAV11E,FLAV11E
TRAIN_00343.jpg,GROLLEAU,6RoLleau,6P0LLEAU,GK0LLEAU
TRAIN_00344.jpg,BRILLET,ARillet,CW2BBILLFT,RM1BQI11ET
TRAIN_00345.jpg,NUGUE,NV6 Ve,WUGUE,WVGVE
TRAIN_00346.jpg,BONNEFOUX,6 0 HNE Foux,B0WWEF0UX,B0WWEF0UX
TRAIN_00347.jpg,ARTHUR,A rth V r,AMWBTMHWU8AW,AMMBTMHWVPAM
TRAIN_00348.jpg,HODE,hode,NWIH0DE1Y,MM1H0DE1Y
TRAIN_00349.jpg,ANAIS,Ana s,A1MWAYS,A1MWAYS
TRAIN_00350.jpg,CASSANDRA,c Ass ^ ND Rt,CWWASWSWNWBAWW,CMMAS1SWAMBA1M
TRAIN_00351.jpg,GUILHEM,6 U | [ 4 E K,WW6U1WLWHEMMW,WM6V1MLWHEMMM
TRAIN_00352.jpg,JUNIOR,JbNl or,4CJNNUWI1N0NK6MIWW6W,P1JADVW11L0AK1MI1W6W
TRAIN_00353.jpg,TUIGI,Nuix,W,W
TRAIN_00354.jpg,SOLENE,Solenc,S01EWE,5C1EWE
TRAIN_00355.jpg,ELINA,PheNoH: ELi Ha,4CFLIWA,P1F1TWA
TRAIN_00356.jpg,FRANCOIS,Fr Anso i $,WWWAWWWGLISWW,MWMAWWWR11SIW
TRAIN_00357.jpg,CHARTRIN,(H A Rt R i N,CHABTBEN,CHABTPCW
TRAIN_00358.jpg,SIMON,SI m0 N,5IW0N,GJH0W
TRAIN_00359.jpg,PAUL,PavL,PAUL,PAVL
TRAIN_00360.jpg,JOSUE,HHM; JQSve,HZN5UE,W1W54E
TRAIN_00361.jpg,MATISSE,Ktick,WIWDTTCCF,W1WDTTCCF
TRAIN_00362.jpg,SCHELL,$ ( He Ll,SCHEL1,SCHELL
TRAIN_00363.jpg,ALIZEE,PHEH; A l Zef,82A11UEI,P1A11YEI
TRAIN_00364.jpg,CELIA,6,FCC6MQJJJ,F1C6M0111
TRAIN_00365.jpg,THEO,ChenH; t HEO,PITW,P1TM
TRAIN_00366.jpg,PIETRUSZEWSKI,PI Etrvs zEw:,QWEBWZEYWMK1WI14Y,WWZPWZEYWNK1W111I
TRAIN_00367.jpg,BESSIERE,Aess!cae,JWIBESSI1FQE,LM1BESSI1F2E
TRAIN_00368.jpg,ADRIEW,Apaied,ADBPEN,ADAIEH
TRAIN_00369.jpg,POLLET,7ollet,FDLLET,PDLLET
TRAIN_00370.jpg,ALBIN,4 2 & i /,U8GD1W,U8G11X
TRAIN_00371.jpg,MIHAI,Mi Hai,M1HAII,M1HAII
TRAIN_00372.jpg,COLIN,colin,CW0CIN,CWCCIQ
TRAIN_00373.jpg,MARGAUY,Fam: HFakpuy,BIPIRW41FU1Y,M1P1FW11FV1Y
TRAIN_00374.jpg,DANON,04non,WIDAWI0NY,M2DAAI0W1
TRAIN_00375.jpg,ANAELLE,nAE LLE,WAQMAWEWLLEAW,MAMMAMEWLLEMM
TRAIN_00376.jpg,HEDI,"""REHM; Hebi",MIHCD1,A1HCD1
TRAIN_00377.jpg,LE DUS,Dp c,WL7EYDYUYFVJRYYGJ1,MLYEYD1UYFVVV116V1
TRAIN_00378.jpg,HASSON,K & $ scn,HWA5SCWYWUVVYI,HMA55CKINCPV11
TRAIN_00379.jpg,LILIAN,Lilian,LILIAW,LILIFW
TRAIN_00380.jpg,MARTIN,Ma Rt | W,WHET1W,NHFT1W
TRAIN_00381.jpg,THCO,Thco,T4CD,T450
TRAIN_00382.jpg,KAYMAK,Kaknak,WIKAYMYARKWYY,61KAYMYAPKVI7
TRAIN_00383.jpg,LECAUDE,LEcAv0 e,LECAVDE,LECAVDE
TRAIN_00384.jpg,TANAIS,Fawh; ? AHass,IW6TAWAIS,1P1TAWAIS
TRAIN_00385.jpg,BRACQUEMART,BRacGuEMFRT,YWWIKA4CWR1YUEWFU57TYVVNYN,FMY1RFYCVR1Y6ENFV2TTYVVNYN
TRAIN_00386.jpg,LEO,Lf0,LED,LEC
TRAIN_00387.jpg,CHARLOTTE,"""HEH: ( Harlott(",MICHABL0TTE,M1CHA8L0TTF
TRAIN_00388.jpg,VAWRZYNIAK,VawAz 4Wc Ak,6WI1WAWVBYZ4YRNYIRD7YK,6M11VAWVAY2YYFMTIRATVK
TRAIN_00389.jpg,KAISER,Katsfr 60645,KAISEPEBWG,KA5SE8EBW3
TRAIN_00390.jpg,MATHIEU,JatHi Ev,JYATHIEU,JYATHIE0
TRAIN_00391.jpg,DORIDANT,NOM;,IWWIMDWN2DUB6NTD4HYTDLU,1MW1MDMNGDVD6NTIVHYTDLV
TRAIN_00392.jpg,LIN,NOM:,MWILIWYYHYYF,MM111N1VY111
TRAIN_00393.jpg,MVOU DELORME,MVO U - D EL0 RMe,MWDUNDELDFME,MV0U1DELD8ME
TRAIN_00394.jpg,CONDE-LAVALETTE,c6Xd &-L4VA LETTF,6GANEMLAVAHM,CGA8ENLAVAFN
TRAIN_00395.jpg,ALYSSA,0 L| $Sa,ALYSSA,ALYSSA
TRAIN_00396.jpg,DUGNOLLE,Dvgholle,WIYDFYUGYNI01MLLUEY4R,M1VD11VG1W101NLLVEVYV
TRAIN_00397.jpg,BORDELET,Bordel €t,BW0BDUET7YYY1T,BM08DUGT11YY11
TRAIN_00398.jpg,CAMILLE,REwH; € AH_lLc,18CCAH1KLE,1FCCAN1LLE
TRAIN_00399.jpg,APOLLINE,APoll!ne,AP0LLINE,AP0LLIHE
TRAIN_00400.jpg,GUEMART,CueMc Oc,WWIMGW6YCHWCIUJGWDH,MM1MHMGYYYHC1U1GHFH
TRAIN_00401.jpg,CALOEE,(akafe,EWHUFF,EMUVZF
TRAIN_00402.jpg,YAVO,YAvo,WF7IYYYYDVY0VY41W7R,M111Y1Y1FVY0VYY1V1R
TRAIN_00403.jpg,PERES,Percs,8CFEBES,P1PEBE5
TRAIN_00404.jpg,ARTHUR,A Rt 4 U R,WPWBTWHWUNWW,WAMQI1HWVA1M
TRAIN_00405.jpg,ADRIEN,Adri en,ADBZEN,ADBIEN
TRAIN_00406.jpg,AGNESA,8ghesa,BMZYA4G7VNZ5JLAJ11J,MY1YAYG1VME5J6AJ111
TRAIN_00407.jpg,TEA,PRENOH; 7 € t,46TEA,P1TEA
TRAIN_00408.jpg,PERRIER,6 R Q [ ( r,FCP0ILB,FC88I1Q
TRAIN_00409.jpg,MENAGER,HENagea,HEWAGFA,HEWA6EA
TRAIN_00410.jpg,GABIN,VhbIX,BIGABIN,M1GAB1W
TRAIN_00411.jpg,CLARA,CLARA,CLAFA,CLAFA
TRAIN_00412.jpg,LAUMET,Lauhet,IWCWUH7E1T11,1M1WUYTE1T11
TRAIN_00413.jpg,DUSSAIGNE RAPHAEL,54 | 6 Ne/ra PHAEC,DWUSSA1GW48AB7ANEY,DWUSEAJGW48XY1AV8Y
TRAIN_00414.jpg,AUDE,FRENH: Av d[,PIAUDE,P1AVDE
TRAIN_00415.jpg,AZMANI,AzNAN,MYCYAYHYVAJWVIJV1UL,PY1RAYY1VAJNV1JVIVV
TRAIN_00416.jpg,KIMELIE,N E [ ( €,MKW1NWEWL1EMW,MKM1NMEQLIEMM
TRAIN_00417.jpg,MUGO,Hugo,UWFY0,HH1Y0
TRAIN_00418.jpg,MATHIS,VREHOH; HAt|i$,BIMATHI5,F1MATHI5
TRAIN_00419.jpg,BERARD,6Erakd,WWIMWBF6BUAD0KDNVJJJI,WM1MMBF1AVAD08DVV2JJ1
TRAIN_00420.jpg,LUCIE,Lucie,L4UC1E,1YVC1E
TRAIN_00421.jpg,BRUGEROLLE,B Rv GE Rolle,BFUGEBDLCE,B8VFEK0LLE
TRAIN_00422.jpg,GAITI,NOM;,WW2MCW6BI1UT61F20W,MW1MCM1G61VT61FY0W
TRAIN_00423.jpg,THEO,Theo,4ITHE0,P1THE0
TRAIN_00424.jpg,PIGUET,Pigu et,,
TRAIN_00425.jpg,JAUBERT,JAv BE Rt,JAVBEPT,JAVBE8T
TRAIN_00426.jpg,QUEMTIN,4 EmT | N,9UEWTIN,9HEMTSW
TRAIN_00427.jpg,ANTOINE,AHT OIUe,PIAWZMNEJ,P1AW1HWE1
TRAIN_00428.jpg,BEBON,Beb cn,IWCBEB7UH,IM1BEB1CN
TRAIN_00429.jpg,AXELLE,AxE llE,AXELCF,AXECCE
TRAIN_00430.jpg,MAURICE,Kavri Ge,8I7AUB1CF,P17AVBICE
TRAIN_00431.jpg,BOURLES,80VA|es,JWIBDVBLE5,CM1BDV8LES
TRAIN_00432.jpg,MAELLE,PHEHH; NAelle,QIHAELLE,Q1YAELLE
TRAIN_00433.jpg,TITOUAN,titov A V,T1YMST0UAH,T11Q5T0VAH
TRAIN_00434.jpg,LUCILE,Luc i L [,LUC1LE,LUC11E
TRAIN_00435.jpg,MARC-ANTOINE,Prexh; MA Rc-AVToi Ve,MIMBACWANT60I6W,P1MAKCUANT1015W
TRAIN_00436.jpg,HARCHAND,04 AchAm),HFQCHHWD,HFACHAWD
TRAIN_00437.jpg,BRITNEY,Bri ( ney,BYRIY1YNW,B1RI111NW
TRAIN_00438.jpg,NATHAN,Ht Hax,FIW5HAH,F1WHHAW
TRAIN_00439.jpg,HOLLEVILLE,Hob Evice,HDWEU1LW,H0WEV1CW
TRAIN_00440.jpg,YOU,YDV,IMM2YY4D1UYVJMAWR1,1QP1YYYD1VIVJMAWR1
TRAIN_00441.jpg,CLARA,CLh R A,CLABB,CLA8A
TRAIN_00442.jpg,FEMIET,FREMIET,MWD,HHJ
TRAIN_00443.jpg,ANAIS,ANAys,ANAYS,ANAYS
TRAIN_00444.jpg,CORBET,coacet,WW0H71IR1WY,QW0HY11V1VY
TRAIN_00445.jpg,FROSIO,fRosi 0,IWIFBDSIU1DIYYY,IM1FPDS1VID11I1
TRAIN_00446.jpg,INACIO,Jacho,DWIDYAC77IHBYRYN,DM1W1AC1YFV0VRVN
TRAIN_00447.jpg,CAMILLE,GA hille,W1MHLLLE,W1PMILLE
TRAIN_00448.jpg,SIMON,fi 00,SW1M0NY1,SMIA0W11
TRAIN_00449.jpg,HAMZAOUI,HA WZAOV ;,IW2HPHYZ4A10YUH5Y11Y,IM1HPHYZVA10YYV51111
TRAIN_00450.jpg,BAUDOUIN,; BHwu,WIBAUD0U11W,M1BAUD0U11W
TRAIN_00451.jpg,CHIRINE,HH; G Hi Uth6,MICHIBIHE,M1CHIBIWE
TRAIN_00452.jpg,LINHART,NHart,WILWYHTA1B1YT71I,M6LWYH1A1B1YT111
TRAIN_00453.jpg,FAYARD,Fayar),AWYAW,HMYAW
TRAIN_00454.jpg,MERAT,MERat,FEBAT,PE8AT
TRAIN_00455.jpg,KHELOUFI,kHe Love ;,KHFFCURP,KHELCVRP
TRAIN_00456.jpg,CHLOE,Chloe,GUE,HKE
TRAIN_00457.jpg,BASTIEN,Aa st i6n,BASTIW,BA5TFH
TRAIN_00458.jpg,JEANNE,RENH: TeANhe,8IJEAWW,P1JEAWW
TRAIN_00459.jpg,NOEMIE,Noehie,U0EHD,V0EHF
TRAIN_00460.jpg,GILLETTE,GIllette,GWILF1ETYYTEY4Y4Y4WY,GMIL11ET11TE1VYYY1NY
TRAIN_00461.jpg,BLONDEAU,BLON DE Gu,BLCWBHU,BLCWHHV
TRAIN_00462.jpg,BOUQUE,B 0U & l,WBDUQUEYTY1,MB0VQVEY1Y1
TRAIN_00463.jpg,LINDSAY,8woS Hy,LPND5AY,LFWD5HY
TRAIN_00464.jpg,DERET,De ret,GBET,8BET
TRAIN_00465.jpg,DURAND,0 Orann,LWW7Y7IFDYU2Y1AYNDIFF11,F1M1111YDYUQYIA1ND1T111
TRAIN_00466.jpg,CHRISTOPHE,P  E,WCWHKWIWS70PHE0W,MRMHKMSMS70PWE0M
TRAIN_00467.jpg,BAISSIERES,paissieres,IB2DAIYSISII1EVGVS,1P1FPIVS1S1IIEVHVS
TRAIN_00468.jpg,MATHYS,Fu; KathYs,IIW2MATHYS,11W1MATHYS
TRAIN_00469.jpg,TURBE,Tu RBE,NWBGY4UY1YJY,HMPHVVVY1YJT
TRAIN_00470.jpg,LEVRIER,LEVR;ER,WCLIEVB1REB,M111EVB11FQ
TRAIN_00471.jpg,PAUL,PRENOM,WWPAUMLW0W,AWPAUMLW0W
TRAIN_00472.jpg,YANN,CaEh: ,WIYPUH,M1YQYW
TRAIN_00473.jpg,LIM,Lim,BIILIIHLIIW,P1ILIIH1III
TRAIN_00474.jpg,BEHUET,Behue T,WHUET,WHVET
TRAIN_00475.jpg,SY,Sy,SY,SY
TRAIN_00476.jpg,BREGEARD,0 ra 6 [ A r 0,DKL6LAKU,UKIGIARY
TRAIN_00477.jpg,KELLIAN,Ke [ L AV,KEF11AN,KE111AN
TRAIN_00478.jpg,EMPTY,0>Jfotchie,WIRJIF0TCFHRFFEF,MSCJIF0TC1H1F1C1
TRAIN_00479.jpg,DEBAILLEUL,DE B AILL EuL,DEHWLLEUL,DEBHLLEUL
TRAIN_00480.jpg,HANX,MDE RNE /UN: 0 53006^,WMIWVNIWDJ5300GNDII,MMIWVI1V0V5Y00GND11
TRAIN_00481.jpg,LOUSTALOT,Loustalot,LW0UYAL0TTV11YY7Y,LW0U5PL0T1V11Y111
TRAIN_00482.jpg,TARDITI,TardiT ;,TWAWITIYY7Y7Y,TMAWITTIY1111
TRAIN_00483.jpg,RYANE,A4An €,U1M4ANF,21MYAWF
TRAIN_00484.jpg,JEREMY,J e R e Hy,YMWPKWPWMYWLJ,YMMPPNEMHYW11
TRAIN_00485.jpg,BARAT,BA 0 A T,WS1BABTA1T777,MC1BHA1A1TY11
TRAIN_00486.jpg,GREGOIRE,ghegoIhe,QI6AIEB0IAE,PG6AIEG0IAE
TRAIN_00487.jpg,MARION,M; H,W2MAB101,W1MABI0W
TRAIN_00488.jpg,TRISTAN,Taf $ TAn,AA9STAN,VA93TAM
TRAIN_00489.jpg,MONTAGNE,aont A gne,WMDWWTAGHE,WM0W1TA6HE
TRAIN_00490.jpg,UTILLE,Utill,WMCMWUT1IULVLDELJYJL,MM1YMYT1IVLV61E1YYJ6
TRAIN_00491.jpg,LOUIS-LOUP,Lo Vi s-lou p,L0V6SNLDUP,L0VGSDL0UP
TRAIN_00492.jpg,ALARCON,Al,WWIMWA16AUEYC1N7UJJVL,MW1MWF1GAVKJC107VJJVI
TRAIN_00493.jpg,FLAVIE,CH; FLAVi e,IWIFLAVIC,1W1FLNVIC
TRAIN_00494.jpg,MASSON,Kas $ On,DYIYM7DYSS10NNYIRUN,PY1YMYAYSS10NWVIRIN
TRAIN_00495.jpg,AURELIEN,Au ReLiEn,AUBELTEN,AUQEL5EW
TRAIN_00496.jpg,KYLIAN,Kyiian,XYL1HW,KYC1HN
TRAIN_00497.jpg,MATTEO,K1tfo,FILHAAT7FL0,FY1AA1TTE10
TRAIN_00498.jpg,ENZO,(8Zo,W2ENK,M1ENK
TRAIN_00499.jpg,VALENTIN,Vale#tin,VALENTIN,VACENT1N
TRAIN_00500.jpg,GDULSKI,G^ Vis ki,BWMDUNLSIMKIUJJ45M,GMYDYYL51YKYV2JYVM
TRAIN_00501.jpg,ALESSANDRO,ALEss AVORo,42ALFSSAWDB0,P1ALESSAMDA0
TRAIN_00502.jpg,KOMAROFF,Koma|off,IWIX0WVVAYV0WFFYFV,IM1Y0HVVFY80VFF11V
TRAIN_00503.jpg,NOEMIE,FJRENM; No ch ',8IW60EM11EJZJJ,P1W10EMI1E1111
TRAIN_00504.jpg,LOUIS,LOU i $,WW1DUW1W5NM,MML0VMIW5MM
TRAIN_00505.jpg,GAUTIER,6 A VT i [ R,GAVT1IEB,GAVT11EP
TRAIN_00506.jpg,BEN MOHAND,A( V VcHAV_,WIWWH7CYHYAUD,W1KNM1CYHYFND
TRAIN_00507.jpg,MANON,Manon,HAFWYDW,YA1WYDW
TRAIN_00508.jpg,TALON,Talo,UW2TA1LDW,6M1TA1LCW
TRAIN_00509.jpg,DE GENOUILLAC,Ge No (IL L Ac,DE6EW0UILLAC,DECEN0VILLAC
TRAIN_00510.jpg,DUMOULIN,)umoilin,AWIDUN1DLU1LIN,AM1BYP1C1V1LIN
TRAIN_00511.jpg,HENRI,Henr /,HEWN1,HEWQ1
TRAIN_00512.jpg,PLANCHARD,PLanchard,HWIPLA7WCTHAUF4,DM1PLA1NC1HAW1Y
TRAIN_00513.jpg,LACROIX,LAcro4x,IW27FZYAVCYB0WV1XVWY16,1W1V1L1AVCVB0WVIXVVT11
TRAIN_00514.jpg,GEYER,6FVer,JWIGEYFEYFYZYY,LM1GEY1E1F11Y1
TRAIN_00515.jpg,VOLPI,Vol P,V0LPF,V0LPF
TRAIN_00516.jpg,FLORENT,Chwh; F LoKeHt,BIFL0KEHT,F2FLRKEHT
TRAIN_00517.jpg,CHLOE,PREH; chlde,PICHL0E,P1CHL0E
TRAIN_00518.jpg,RAYAN,GHEO; QHyAV,WIPPYAW,MSPFYWN
TRAIN_00519.jpg,HASSIBI,HAss/6,MMIYHWADSVVSIVIBLIW1V1A,MM1YHPA1SVVS1VIBLJI1V1U
TRAIN_00520.jpg,NGUER,Ng Ver,WGUEP,WGVE8
TRAIN_00521.jpg,MAOUACHE,Ha 0 0 A ( HE,HA0UACHE,HA0UACHE
TRAIN_00522.jpg,MARDY,M 6 R ) >,HAADY,YAADY
TRAIN_00523.jpg,DURAND,du ra No,DUHFWDD,DUHAXD1
TRAIN_00524.jpg,CLEMENCE,Cled en ( €,CLENENCE,CCENENCC
TRAIN_00525.jpg,ANTHONY,A thony,AWCW,AWCW
TRAIN_00526.jpg,CLEMENT,L€ M € N 1,CLEHEWT,CLERENT
TRAIN_00527.jpg,LOUCIB,Louc 8 p,L0UC3F,L0UC9F
TRAIN_00528.jpg,HELOISE,HelotSe,4CH6EL01S6E6LI,P1H1EL0VS1E1II
TRAIN_00529.jpg,ESSE,ES $,EWSSE,EWS5E
TRAIN_00530.jpg,ELISE,CLi $ €,WEWLIMSWEAM,MEWLIMSWEAM
TRAIN_00531.jpg,CATRY,Latr,WMIMCWAIUTPAVUVDPYI,WM1QCMAIVTP1V0VPPTI
TRAIN_00532.jpg,KEDDAR,Ke00A 8,DWIXF7DDAIBYY,MM1KE1DDA1BY1
TRAIN_00533.jpg,BEGUE,Be6 u E,BEGUE,BEGYE
TRAIN_00534.jpg,SOLAL,S0L AL,S0LAL,50LAL
TRAIN_00535.jpg,FANT,Fan t,WFAWT1D,MFAXT11
TRAIN_00536.jpg,DEBBLASI,Oe BBcasi,WW,HK
TRAIN_00537.jpg,NONE,,,
TRAIN_00538.jpg,MARIE,MAri E,MHLE,WPIE
TRAIN_00539.jpg,LAURA,LAuMA,W1AUNA,WIAYRA
TRAIN_00540.jpg,TIABIA,Ti 4 | 8 A,WT1A1BAVHURY4NY,MT1AIBAVVVVYRDY
TRAIN_00541.jpg,CHEVEREAU,(HEv EAe4v,CHEVFQE4U,CHEVFPE4U
TRAIN_00542.jpg,YOUSSEF,Yo UsS € F,WWW1WWWFFAW,MMW1WMWFFAM
TRAIN_00543.jpg,KAOUTAR,PuEHH; KH OuT HR,MZWA0UTAB,Q1XA0VTA8
TRAIN_00544.jpg,POIO,Abib,WWWWWAW,WWW1WIM
TRAIN_00545.jpg,CROUZET-VIVIEN,Caovzet-VivIEN,CWB0JUZET7IVIEN,C1B01VZET4IVIEV
TRAIN_00546.jpg,NONE,ARENOM:,FIY111I1JWW,F11111111G6
TRAIN_00547.jpg,LOUIS,"L0 U , $",L0U1S,L0U15
TRAIN_00548.jpg,MAX,ZHMH: Hax,BIDAX,M1YAX
TRAIN_00549.jpg,LEGRAND,Le6kaab,MYI7LYYEYY6KNAVNVD1YYW,PYCYEY1C1V6KVAVMVD1YYH
TRAIN_00550.jpg,ALEXANDRE,HH; HKAKL,WCILWAWKEJ,M1DLWAWKC1
TRAIN_00551.jpg,NAOFEL,Na 0 FE L,NA0FFL,JA0FEL
TRAIN_00552.jpg,NGONDI,Vgo m di,WWWN2DYUFY7YI,WWWNHJ1V117V1
TRAIN_00553.jpg,CAREO-JOBERT,ChREo - Jo B E Rt,CABE04J0BEBT,CA8E0YJ0BEB7
TRAIN_00554.jpg,LOUIS,lo v(,L001S,L0UIS
TRAIN_00555.jpg,BRION,B R ' on,BKI1UN,B8II0Q
TRAIN_00556.jpg,BACHELARD,Bachel A Rb,BACHELABD,BACHELAQD
TRAIN_00557.jpg,HALBELAID,L 8 E Latd,WHALBELA1DYF,MHALBELAFD11
TRAIN_00558.jpg,LUBET,Lubet,IIW2LUBDFY1F,11M1LVBJ1111
TRAIN_00559.jpg,GUIDICELLI,GUIPICE LLI,6W7YIYDYW7LLVI4271NHN,WW1YI101H1LLVI4211MCN
TRAIN_00560.jpg,AUGUSTIN,Augu Sti N,HUGU5ZW,AVGVYEW
TRAIN_00561.jpg,LUCAS,PaEHH;,WILULAI,Q1LVL9S
TRAIN_00562.jpg,BOUSTIE,bovStie,D0USA13E,D0VSA1IE
TRAIN_00563.jpg,LYDIA,LYoi A,LYDTA,LYD5A
TRAIN_00564.jpg,HYLENE,hy lenE,6WN6YL6E6WE66,1WN1YL1E1KE11
TRAIN_00565.jpg,FISCHER,f;Sch er,F11SCKQ,F115CXX
TRAIN_00566.jpg,SELEN,HHM: SELen,MISELEW,P1SELEN
TRAIN_00567.jpg,ALEXANDRE,;,WIA1FXAWNWEI,M1A1FXDWDPF1
TRAIN_00568.jpg,CHAMBRON,ChAmaron,CHAWPA0W,CHAMAA0W
TRAIN_00569.jpg,MARAL,NARAL,VWIHAWI7I1YY7,VM1HAWI1I11V1
TRAIN_00570.jpg,YASSIN,Yassi,YASS6W,YA5SIH
TRAIN_00571.jpg,REMY,RE My,BEHY,QEYY
TRAIN_00572.jpg,CARESMEL,'ARe SHel,MMIYCNA1WFEI5MTEWLUU,MM1Y1MA1WPEYFMTFWL6V
TRAIN_00573.jpg,CYPRIEN,E 4,WCQYPWXWIENMW,MCMYPM8W1EWAM
TRAIN_00574.jpg,ALEXIS,ALexu 5,ALEXJS,ALEX1S
TRAIN_00575.jpg,CLERQUIN,LlerQviA,CYLEFQUIH,CYLEBQVIW
TRAIN_00576.jpg,MANON,"m A ""0 N",N6W6ANJ0JHWWJJ,N1W1AN101H1111
TRAIN_00577.jpg,SEGUELA,Seguela,IFISEGULELA,1Y1SEGC1ELA
TRAIN_00578.jpg,BEENAZIEZ,Be 4azie?,BEWAZ3EZ,BEWAZ5E2
TRAIN_00579.jpg,COTTINET,pet,WWTZWETYNFYYYLY,WMT3WET1I1T1P1Y
TRAIN_00580.jpg,JEU,JEv,7YEU,7YEV
TRAIN_00581.jpg,KOCH,K 0 € H,K0CH,K0CH
TRAIN_00582.jpg,RAMSEYER,RAHSEVE r,BAH5EYEB,PAHSEYEB
TRAIN_00583.jpg,CHAMPION,0|,NWIRHAHP1UV,DM1VHAYP1VI
TRAIN_00584.jpg,MANON,Hano N,MMWHWBWWWW,MMMH1BWWIM
TRAIN_00585.jpg,PERROS,perros,F7EBPDS,F1EBP0S
TRAIN_00586.jpg,CHAMPION,L kkapi 0v,LYRXYPI04,LPRANP104
TRAIN_00587.jpg,ALISON,REHH; 07YS04,MIH17S0W,MSA1TS0M
TRAIN_00588.jpg,BOULADE,Rovlade,LWI1BDU7LAUU1EV1YN,1M118DU1LAUD1EV11Y
TRAIN_00589.jpg,ARLIN,AR L [ N,HWFFFTTL7IYWYYLY4Y11RR,AM11811L1I1M11P1V1111V
TRAIN_00590.jpg,DARENN,MUH; DAAENV,WIDABEWH,M1DA3ENN
TRAIN_00591.jpg,GUERIN,6erin,JWI6UFF1W1,IM1GRFFIW1
TRAIN_00592.jpg,QUENTIN,auEnti,WWWMWWTW0W,WWWWMMTW0W
TRAIN_00593.jpg,HUGO,H 0go,HUW,HVH
TRAIN_00594.jpg,IMANE,j44 nc,WIH4WE,W5H4ME
TRAIN_00595.jpg,EMMA,EHHH,W2ENNH,W1EYHA
TRAIN_00596.jpg,AURIANE,AhoM: AVA 6A Ue,PIFUHFAWE,P2FVAFAWE
TRAIN_00597.jpg,SERVE,Se Rv €,IJEKVE,1JEPVE
TRAIN_00598.jpg,MARION,W: hariov,WIMABFBW,M1MAQI0N
TRAIN_00599.jpg,LUCAS,LU € 4 $,LU6A5,LVCAS
TRAIN_00600.jpg,JULIETTE,NASSANCF,JWQULW9WE7ENW,JWMVLQ9METERW
TRAIN_00601.jpg,DROINEAU,D Roj VEAv,DB0I4EAU,DP0I4EAV
TRAIN_00602.jpg,MARVIN,Huin,WWWMW0W,WWWMW0H
TRAIN_00603.jpg,ROY,R oy,B0Y,Q0Y
TRAIN_00604.jpg,MATHEO,HHH; HUTHH,WCMATHE,M1MATHW
TRAIN_00605.jpg,PAULINE,FRNM: Pa VlkVE,FIPAV6JWE,P1PAV61YE
TRAIN_00606.jpg,BORIES,Gories,BM0QIG5,BM0QIGS
TRAIN_00607.jpg,ROUMENGOU,Rovnewgo L,NW2PDYUNNEYNHG70TU7Y,1M1PDYVVYEYNAG1D1U1I
TRAIN_00608.jpg,ZIELENSKI,2i€LEvs ki,IFCZI61ENLE1WASKF,1F1ZI11EILE1W1SKF
TRAIN_00609.jpg,DELRUE,OE Lkue,WLBUE,WLBVE
TRAIN_00610.jpg,SINEAD,RrENoH: S  NEA €,P1RISNNINNEAANDN0LMWIIW,F111SNNINDEAA0DDR1MM1IM
TRAIN_00611.jpg,CROIZAT,C R 0 ' 1 4 T,CWXD7ZAT,CM8072AT
TRAIN_00612.jpg,ZIELENSKY,zcelEUskv,WC7UYYEYILFDSIKVYN4,M1RU11EY1LHJSIKVYNV
TRAIN_00613.jpg,ASAITIE,Asaitie,1BCA5AI1TY6EY,1P1ASA1IT12E1
TRAIN_00614.jpg,PAULINE,Pacl 1e,P31V2I1114E,PY1V2I1111E
TRAIN_00615.jpg,GOUDARD,6 06 0 0 R 6,C09DABU,C0VDAHU
TRAIN_00616.jpg,TOURESSE,RES S E,TW0UUSSFF1IVY11,TW0UHSSE111V111
TRAIN_00617.jpg,ERIKA,E8/ kA,E8Y1YXA,E811YKA
TRAIN_00618.jpg,ELSA,Els 4,WSQ,WSQ
TRAIN_00619.jpg,KOURISNA,Kouri SNA,K0UAISNA,K0VAYSWP
TRAIN_00620.jpg,LISE,19$ E,LPSE,E98E
TRAIN_00621.jpg,DIALUNGANA,0iAL VN6aNA,LWYIYDYY1RYYALYUW6AH1A4,1MY1YDY1I111ALYUNGAH1A1
TRAIN_00622.jpg,COMBE,LonbE,C0MBZ,C0MBE
TRAIN_00623.jpg,LIEGLER,2ie6L Er,11EGLEK,11E6LEK
TRAIN_00624.jpg,NOURDIN,nou rdi N,W0UBD3W,N0VQD5N
TRAIN_00625.jpg,MAATI,NOM;,IWM6IMWMARAVT111110V1,1MM11YMMA1AVT111I10V1
TRAIN_00626.jpg,JOSSE,Jo 55 E,MYCWJUIYYH9WEIT1JI,MY1MJ0I19V9WEIT1J1
TRAIN_00627.jpg,MEUNIER,ME UNieR,MEUN3EK,MEYN3EK
TRAIN_00628.jpg,BENJAMIN,Fax; BFUSHNM,BCBENSHN1W,F1BEWJHY1W
TRAIN_00629.jpg,DELMAIRE,"[€ l H^ , R 6",FELYAIDE,RELYAI2E
TRAIN_00630.jpg,GWEGUEN,(Vf(vgn,6WIGWEGFUEWY11,GW1GWEG1VEW111
TRAIN_00631.jpg,SARAH,aH; SArAn,MISABAH,P1SAQAH
TRAIN_00632.jpg,FRANZ-LEONARD,"FA #nl"" Leon#RD",IAHNINLE0WHBD,FAHNINLE0WH8D
TRAIN_00633.jpg,TEIXEIRA,TETx ELAA,TWIBA,TWJB2
TRAIN_00634.jpg,SACHA,PrzoM; S a €ha,P6ISLN2CIHMAN6IWWDG,P11SI1HC1HMAII1WWIG
TRAIN_00635.jpg,DALLI,DALLI,DALLI,DALLI
TRAIN_00636.jpg,GEORGES,CEOACES,MYCYGMY0WWVEVWUL,PY1YGY10WHVXVWVL
TRAIN_00637.jpg,FLORA,F L 00 4,FL0AA,FL0QA
TRAIN_00638.jpg,BRIOT,"BRi6t,",BW0D1TI1,BV911TI1
TRAIN_00639.jpg,PILLON,Pillon,IW21PIILYYL0URN1Y4Y,1M21P1ILYYL0URA11P1
TRAIN_00640.jpg,MORARD,KoRarh,IQI1D0BYAYAYDYYF7Y,1W11T0P1AVA1DY111Y
TRAIN_00641.jpg,ARHUR,K 0 R,AMWMWHWV2NW,AMMHNHWV2AM
TRAIN_00642.jpg,THIBAULT,ThicavLt,THIBAULT,THIBPULT
TRAIN_00643.jpg,FAUGUE,Fa U 6uE,MU6UE,WU6VE
TRAIN_00644.jpg,RAFAEL,HHHH; RHFHL,WIBAFAE6,MCPAFAI6
TRAIN_00645.jpg,LE PAGE,PagE,LEPAGE,LEPAGE
TRAIN_00646.jpg,LEOGLONNEC,RV & A N Nec,WLEWWAAWVWEJCVU7FJN,MLE0W0AWVNE2CVV1LJR
TRAIN_00647.jpg,MFUIDIMAU,Afvidi4Av,IIQZ4FUJFTDI74HU,11Y1YFVI1TDI1YHR
TRAIN_00648.jpg,BAROUKH,BA Roukh,BAK0UKH,BAK0VKH
TRAIN_00649.jpg,CLEMENCE,Cleneace,CWLENENCE,CWLE7EWCE
TRAIN_00650.jpg,SHARON,Sh A00 N,5HAB0W,5HAB0W
TRAIN_00651.jpg,LECLERE,Lellere,LULEBE,LWLEPE
TRAIN_00652.jpg,DUFEY,Dufcy,DU1MY,DVIVY
TRAIN_00653.jpg,EVAN,PHEH; EVU,WIFWAW,QGFVHW
TRAIN_00654.jpg,HUGO,HVGO,WIHUB0J,B6HUG01
TRAIN_00655.jpg,NICOLEY,nicoley,WRC06E4,WIC06E4
TRAIN_00656.jpg,FERCHECHE,Ercheche,MMIYFWFIVBCWJH7ECTWL1N,MM1YFMEIVBC22HTECTWV1N
TRAIN_00657.jpg,ROOSE,R oosE,1MMIYWBWDUYET44UUL,1MM1YWPW1VYFTVVVVL
TRAIN_00658.jpg,BORSON,Bo r 5 0 N,A0PJ0W,Q0PJ0W
TRAIN_00659.jpg,AZHERIC,pHHH; Hyhe Ri &,MCA4HPB3C,Q1A4HC8TG
TRAIN_00660.jpg,FELIX,AHWM: KFLTp,MIFELIX,M1FELIX
TRAIN_00661.jpg,HUET,Hvet,B2YHYYUEYTVVAIV411,P11H11VEYTVVA1VV11
TRAIN_00662.jpg,MAXIME,REMH: Hakh Ae,BINAXSHE,P1NAX5RE
TRAIN_00663.jpg,POILVET,Po ' LV€,W4IPW064ILDUJEFTJY4I,WY2PM0G4FLDVJEFTJRY2
TRAIN_00664.jpg,MAYLINE,MA y line,WYL1WE,MYL1WF
TRAIN_00665.jpg,KHETTOUP KACI,0J ( Kuc,WMIY4KKYVPUFIL4DJ1P7HV1KIUC1I,MM1YYK61VEVF1IV0J1P11V1KIUC11
TRAIN_00666.jpg,CHAVOT,ChAVot,1WCCHAV0TI,1MCCHAV0TI
TRAIN_00667.jpg,BENJAMIN,8eHJah H,WBEWWW1IW1,1BEH1M1IWI
TRAIN_00668.jpg,CELIA,"""HNM: (ELia",Q2CEL1A,M1CEL1P
TRAIN_00669.jpg,LODATO,Lojato,LWAT0,LJAT0
TRAIN_00670.jpg,MAXIME,nay (06,H1YAXWNE,R1YAXCNE
TRAIN_00671.jpg,MOREL,Korel,MMIYMW01BYUECF1JRW,MP1YWM01B16ELR111V
TRAIN_00672.jpg,EVENAS,EvEnas,EVENH5,EVEWA5
TRAIN_00673.jpg,ROMANE,Ro / A N €,WWWNWAWNENM,MMWMWAMWEMM
TRAIN_00674.jpg,LEA,@REMH; L €,PILEA,P1LEA
TRAIN_00675.jpg,MARTIN,HARtim,HDM1M,HAMIM
TRAIN_00676.jpg,ILLIAMHAJIUA,AYAK |Yx Kasi6a,IWIWYADXYXHHAID11LA,IM1QXADY1XHHA1G11LA
TRAIN_00677.jpg,NOVAILLES,No a il [ ES,HVWA1LLES,HVVA1LLES
TRAIN_00678.jpg,MARGAUX,Mar g A V X,MIAB6GAUXJ6J,MIA81GACX111
TRAIN_00679.jpg,MUSIAL,dv fi 0L,8YIYNYYUYYS1YAYZYIY1,PY1Y711V1131YAYIYI11
TRAIN_00680.jpg,CHARLES,0,8SCHABLES,F1CHA8LES
TRAIN_00681.jpg,BASTIEN,AAStien,BAHIEW,BA5LEW
TRAIN_00682.jpg,ROMAIN,SHHH; HoNAVU,MIH0MA1N,M1H0MA1W
TRAIN_00683.jpg,SANA,Shha,MI5AWAZLL,PY5AWA111
TRAIN_00684.jpg,DEJESUSTEIXEIRA,0 cJfsvs TeIx (Ira,TWEJFSUSTEIXFIPA,9WEJFSVSTEI2EXPA
TRAIN_00685.jpg,HAVOUNIA-KOUKA,havonnia.Kovka,IWI1HAV10NUYWZVAY7NUY0UXA,1M11HAV10VVYN7VAYTDV10VUA
TRAIN_00686.jpg,FATIH,"PHW; FA7""H",MIFWI1H,M1FHI1H
TRAIN_00687.jpg,TATIANA,Tat'Anh,TAT11AWH,T4TI1AHA
TRAIN_00688.jpg,GUILLONNET,Gu iLlonnet,WWILL0WHET,WM3LL0HHET
TRAIN_00689.jpg,VATEL,M,WYDBIL1,M1D01I1
TRAIN_00690.jpg,CORENTIN,C 0 Re Nt | N,C0BEWT1W,C0BEWT1W
TRAIN_00691.jpg,ELOISE,RREHOM; € Loi 5E,IPIEL0ISE,1P1EL01SE
TRAIN_00692.jpg,HELAL,helal,HELAL,HELAL
TRAIN_00693.jpg,BERANGERE,JPREHOM; OEAANgere,PIBEAANBFBE,P1BEZAQGEBE
TRAIN_00694.jpg,BEMOULBLED,Beamovl0l € ^,BYFNMDULBLED,BYFMM00LBLED
TRAIN_00695.jpg,LI,LI,LI,LI
TRAIN_00696.jpg,LONG,Lone,LWMM1YTWN,LMMNI11NM
TRAIN_00697.jpg,PIERRE,VHHH; VGErhe,MIPIEBPE,M1PIEBBE
TRAIN_00698.jpg,LUCAS,V ( ^ $,WWLUCWNWJI0W,WMLVCMXWJ10W
TRAIN_00699.jpg,LARRIEU,LA R Ri eu,1APAIGU,LAPQ1GV
TRAIN_00700.jpg,JADE,J#)e,WYDYE,M1DYE
TRAIN_00701.jpg,NORINE,PhEHOH; K o rie,4EN0F7WE,PCH0FIWE
TRAIN_00702.jpg,GREGOIRE,Hh; KRe6OI Re,WZGBEG0TPE,M1GBEG0IPE
TRAIN_00703.jpg,ANTOINE,+ WT0 | N E,HWTV1NF,AWTV1NF
TRAIN_00704.jpg,SOPIANE,So Ni AN €,RSC1JLAW1,1SC1JL8W1
TRAIN_00705.jpg,GIRARDET,61 RA ADEt,W261BFBDTT,W1G18FADFT
TRAIN_00706.jpg,VALENTIN,Valeatin,YAYLEHT1W,VAYLEWT1W
TRAIN_00707.jpg,MAXENCE,MAX En ( E,N6W6AXJEWACEWWW,Y1M1YX1E1ACEQ1W
TRAIN_00708.jpg,SULTANI,sultali,W2SULTAWI,P1SVLTAHI
TRAIN_00709.jpg,POEGARD,pe $4r0,AWI1BEYGH1PDYR11,AM11YFYGH1PD1V11
TRAIN_00710.jpg,MANON,SRENOM; ManO ^,Y2MAN0W6,P1MAN0N1
TRAIN_00711.jpg,IMENE,CHWH; IHEHE,MIIMEWE,W1IMEQE
TRAIN_00712.jpg,VERLEYCN,Verleycn,QI1H1EYKLYEYYYIC1NRMM,Y61V1EYKLTEYYY1C1NRNN
TRAIN_00713.jpg,PIERRE,SreMH: P ^€ (ke,PIP1REELKE6,P1P11EEIKE1
TRAIN_00714.jpg,DUCULTY,0 ( ( V LT,DUL1ILTY,DVC1ILTY
TRAIN_00715.jpg,MIRANA,ShEHH; M_AANA,BINIHANA,P1YIAANA
TRAIN_00716.jpg,EMMA,6 Mm A,ENNA,ERTA
TRAIN_00717.jpg,ALEXANDRE,AL€ v AN 0r €,ALFYAND8G,ALFYAGD88
TRAIN_00718.jpg,BOUILLON,JouIllon,1MWIB05LL0NY,IMW1B0WLL0N1
TRAIN_00719.jpg,JULIE,SULIE,J6WJUJJEJWZ,T1W1UU1E111
TRAIN_00720.jpg,ALBAN,A1ban,ALBAW,ALBAW
TRAIN_00721.jpg,ROMAIN,Roha |N,B0H91W,A0YA1D
TRAIN_00722.jpg,ARTUR,ARTur,A8TUM,AHTVB
TRAIN_00723.jpg,BREGEO,6R E 6LO #,FIBBEGWN,P1GBEG4W
TRAIN_00724.jpg,PUES,Pv €,WYIYPYV1VEIY1UWJJII,MY1YPYV1VE1Y1VVJVII
TRAIN_00725.jpg,DESSEVRE,DESSEVae,M7Y72YDYESYSYEYFVPEH,P1111YDYES1SYEP1VPEY
TRAIN_00726.jpg,JANE,a; TANE,WLTAWE,MCTAVE
TRAIN_00727.jpg,CORALIE,PaHH; (o0hLyc,QIC0BALTE,Q1C0PAL7C
TRAIN_00728.jpg,TAILLEFER,TaIllef er,TAILLEFEX,TAI6LEFEX
TRAIN_00729.jpg,ALEXANDRE,Ale x A H DRE,BLFXDWDB2I,FLEYDHDB2C
TRAIN_00730.jpg,EVEDJI,EVe Oj,JWIEUEW111Y,IM1EYKW1111
TRAIN_00731.jpg,LUCILLE,L u CILLe,Q1UCICCE,W1VCICLE
TRAIN_00732.jpg,SEREMY,sea emy,AERAEVMY,5EVAEIMY
TRAIN_00733.jpg,ESTEBAN,RREMM; Este Ghm,PCESTEBHN,F1ESTEBHW
TRAIN_00734.jpg,MEHDI,HEhdi,HEHD1,HEHDI
TRAIN_00735.jpg,RAPHAEL,Ra p Ha EL,AAFHAEL,WAPAAEL
TRAIN_00736.jpg,ANANDINE,EwH: AhANo_ NE,P2ANANDINE,P1ANANDIWE
TRAIN_00737.jpg,CHLOE,chloe,CHLQE,CHL0E
TRAIN_00738.jpg,SIAD,Sj A D,5WIW7YY1YT7,5MJW1Y111TT
TRAIN_00739.jpg,LEA,PREXOH;,FI6IM10FA1NNNNLNWIDW,F1I1ML0FAIANN0LMWIIM
TRAIN_00740.jpg,VALENTIN,VKLeM iN,FIVAYLREM1IW,P1VA1LPEM11N
TRAIN_00741.jpg,TOUIL,Tov i[,DUIL,NU1L
TRAIN_00742.jpg,VERISSI,VERISSI,WWFFYYYSSYYIVVVWJJ11,HM11T115511IVVVWJJ11
TRAIN_00743.jpg,HERBRETEAU,Hcr 0 8 € ( € A U,HFBBBFTFHU,H68B8FTEAV
TRAIN_00744.jpg,LECLERCA,L E ( L E R ( @,LWEFLEBCQY,LMEFLEPCG1
TRAIN_00745.jpg,CECILE,ASSE,WWCECWI1WLEW,MWCECM11WCEH
TRAIN_00746.jpg,PEETERMANS,P E ETER Man $,PWEETEBMSW1YSYV1711,PWEETEQYFN1RSYV1111
TRAIN_00747.jpg,PAPOT,Pa pot,PAP0T,PAP0T
TRAIN_00748.jpg,ADELYS,MHW; Adcly s,WIADELYS,M1ADELYS
TRAIN_00749.jpg,BRIAN,brian,BBJH,BBYH
TRAIN_00750.jpg,FIGIEL,F16 L€ [,E3GIEL,F3GLEL
TRAIN_00751.jpg,HAZGUI,#azgu,WHBZ6U31YYY1,ME835C21YY11
TRAIN_00752.jpg,LEGOUPIL,LEC0 U P IL,WLEC0UPILF,WLEC0VPIL1
TRAIN_00753.jpg,CORBELLINI,(0r 8((ln j,C0ABECL1N3,C0ABELL1NS
TRAIN_00754.jpg,ALANI BINANI,Alh Vi   GInA Nt,D1ANIBIWANI,FLAAIBIHHVT
TRAIN_00755.jpg,PESCE,Pesce,PESCF,PESCE
TRAIN_00756.jpg,YANN,Y #n,YFNN,YFMM
TRAIN_00757.jpg,LOU,PREMH; ! 0 V,AIL0U,M1LGU
TRAIN_00758.jpg,APER,Apkr,FPEB,FPEB
TRAIN_00759.jpg,SEMAR,S€ MA R,SWFMAQF7YF,SWEMA211Y1
TRAIN_00760.jpg,VICTOR,Victor,V1CTBB,VICT05
TRAIN_00761.jpg,MORBU,Aor8u,Q7F7I1M0YA1BUY1I1YY,P11111R01A1BY1111YT
TRAIN_00762.jpg,LOU,U,WLW,MLU
TRAIN_00763.jpg,AUGUSTE,Av 6u$ TE,AVGUSTE,AVGVSTE
TRAIN_00764.jpg,TAVOREL,TAV 06 El,WN1V0EEL,MM1V0FEC
TRAIN_00765.jpg,CHAPELLIER,Ch#pebt (E8,CNAPELLIEA,CNAPE6V1GA
TRAIN_00766.jpg,NATHAN,a; HAtHAH,WINATHAN,W1NATHAW
TRAIN_00767.jpg,GUERAISCHE,Co & RAi ScHe,WEBA115CHE,HE8AI1SCHE
TRAIN_00768.jpg,LECONFF,Lecunff,LECUHFF,LECYHFF
TRAIN_00769.jpg,REY,VEx,6M2Y42E1YWJ1611YH,6Y1YYBE1YVJ1V11YV
TRAIN_00770.jpg,MATTHIEO,J; NA TOREu,MIMAT7H1IEU,M1YAT7H11EU
TRAIN_00771.jpg,CORENTIN,Co Re NT !,CWWDWLWJW1WWW,CWM0W1M1GIW1M
TRAIN_00772.jpg,SARAGOSLI,"544 160,l i",1I17Y1V7I1,11I1Y11T1I
TRAIN_00773.jpg,NESET,NEfET,WEIET,HEIET
TRAIN_00774.jpg,BELBACHIR,BFlbat HI R,NW2BE1TB9AICRJHR4BRY,1M1BE11B1A1CPIHT481Y
TRAIN_00775.jpg,WITTMANN,Wi Tv JA WN,WWWINNAWF,WMWI7MAM1
TRAIN_00776.jpg,ELOUARD,ELona R 0,WIELUIAMD,D1ELW1AMD
TRAIN_00777.jpg,PAULINE,#RENH: PAuliNe,PCPAUZ1VE,P1PAUL1VE
TRAIN_00778.jpg,GUIBERT,6Vi Relt,IWI1GYYUIY1BENQ1TFYWU,1W11G11VSY18EIB1T1VVN
TRAIN_00779.jpg,HOUL,H oV L,H0UL,HDVL
TRAIN_00780.jpg,KYLIAN,KYli ^m,6WK6YLJ3WAHWJ6J,1MKGYL1G1AHG111
TRAIN_00781.jpg,ETIEVE,ftitvf,ET1FVE,ETIEVE
TRAIN_00782.jpg,NATHAN,N At A A 0,WATHAW,WATHAN
TRAIN_00783.jpg,VASSAL,Vass AL,VASSAL,VASSAL
TRAIN_00784.jpg,KYLIAN,kvlian,KJXLIAN,K1YLIAN
TRAIN_00785.jpg,HUGO,Hugo,HUG0,HVG0
TRAIN_00786.jpg,ALLOING,AllotNg,F2YALLY0I1HYG1F,P11AL110I1N1G11
TRAIN_00787.jpg,BROCNIER,GRocHi € R,BB0CH1EB,BP0CW1EB
TRAIN_00788.jpg,BACHELOT,8AchcL ot,WMCBWAIVCNHYWU0D4YD,MP1WMA1VCYHYHV0TYYD
TRAIN_00789.jpg,DE MONTILLET,De   MontiLLet,LWZDEM0NNZLLET,LM1DEM0NR1LLET
TRAIN_00790.jpg,GUILLAUME,6U i LLaUME,GUFLLAUME,GU5LLAVRE
TRAIN_00791.jpg,MALAURY,Halav R y,HALAUBY,YALAV8Y
TRAIN_00792.jpg,RAFINI-GAUBERT,"Qafj Nj "" GAv_Err",8IKAFN16WLDMG2UBEBT,F6KAFII1WI1JG2VBEBT
TRAIN_00793.jpg,CONSTANT,PhEHOM: (ONSTANt,FICW5TAWT,P1CWSTAWT
TRAIN_00794.jpg,VISIEDO,Visifoo,VISFED0,VFG5ED0
TRAIN_00795.jpg,MELISSA,Heli $$ a,HECFSSA,HEC7SSA
TRAIN_00796.jpg,SEGUINEAU,Sefv i Ue4 v,MWI1SEGV11IYWE1AHYVR,MM21SCGV111YWE1AVYVR
TRAIN_00797.jpg,MORISSEAU,Hoa 1 s $ € AU,H0BISSEAU,H0BISSEPY
TRAIN_00798.jpg,DIARRA,pl Ar n a,D1AQDA,DIAPPA
TRAIN_00799.jpg,CONSTANT,PREHM: € OVSt Aut,PIC0NSTAWT,P1C0N5TAHT
TRAIN_00800.jpg,LAMPE,Lam P €,LWAHPE,LWAHPF
TRAIN_00801.jpg,BRUYERE,8ruyg r,WMIMBW8IUUYJFIQIFI70U,MM2QBMQ1UVYDFIQ1F170V
TRAIN_00802.jpg,MARIANI,KA RiaNI,NAPZAWI,HA8IAWI
TRAIN_00803.jpg,GUIMIER,6 U1 Me R,GU1PIFP,GUIY1EP
TRAIN_00804.jpg,BAYLE,BAVle,W2BAY1EFF,M1BAYLE11
TRAIN_00805.jpg,SCHWARCZER,5 (h Waf € 7 Er,JCHWAGLZFB,JCHWAGC3E2
TRAIN_00806.jpg,VICIAR,Hh,HIU6RTADJ,MLNGRTAN1
TRAIN_00807.jpg,UNREADABLE,L U,BQR2FMNCUX,BQR2GM12VV
TRAIN_00808.jpg,GUILLERHIN,6villt'hiv,IYIGUILLE1PH1W,1Y16V1L1E1BH1W
TRAIN_00809.jpg,ARNAVO,0 0 W A V 0,AANAUD,AFNAVD
TRAIN_00810.jpg,FLEURY,FLEu R,WFFLT7EYVYBTYYW1UWJ,MF1L11E1V1BT11V1VWJ
TRAIN_00811.jpg,LAYANE,HEMOM; LayaV(,HILAYAWE,P1LAYANE
TRAIN_00812.jpg,BELVEZE,8 ELvEZE,WMBELYV4E1YUHQRVPJ24,MYBELYV1E1YVVQRVPJNR
TRAIN_00813.jpg,EVA,,EVA,EVA
TRAIN_00814.jpg,MARILIE,M4RLIE,HAK1LIE,YA81LIF
TRAIN_00815.jpg,LADAWA,KOM:,WWIM1WI6IVA7W7D70G8T,MWSM1MD6IVATW7DT0D8T
TRAIN_00816.jpg,MUSITELLI,T6,WWIMHWUISUID7YEU7F7LD1V,MW1MHMUGSVIDTYEVT1T101V
TRAIN_00817.jpg,SAADI,SA# 0f,SWHADII,5PAADII
TRAIN_00818.jpg,DI - BIN - LOMBARDI,D (-BiK--L0 Mbtt,DWMRRMBR1MWNN0L06MYBL4YDL4DIV,DMW5RMBT1MWD10L00MYBLAYIL4DIV
TRAIN_00819.jpg,VISDELOUP,v|sdeloup,I385DEL0UP,1FF5DEL0UP
TRAIN_00820.jpg,GAUTIER,6autifr,ID21GAYURI1IHEVPJN71,1Y11GAYUFI111EVPVIT1
TRAIN_00821.jpg,KOURRAD,Koura 00,X0UQUAD,K0UQAAD
TRAIN_00822.jpg,ELIO,641 0,1EM6C,1EWV5
TRAIN_00823.jpg,LISEA,LiS€ 4,CY1SFH,LYISEH
TRAIN_00824.jpg,CHARLOTTE,(h4 Rl 0Ttc,CHAB10T7F,CHA8L0T7F
TRAIN_00825.jpg,MEHDI,1 € 4 DI,6DW6FHWWWWDWW,ITMGEH1WWWI1M
TRAIN_00826.jpg,FLORESCU,'FL Ou fkV,8I41UUSCU,P14LQHSLV
TRAIN_00827.jpg,CHENAL,Cle,II1WMEMCWN4UFHTYA1UUVCD,111WM1YCM1IVFHTYAVVVVCY
TRAIN_00828.jpg,BAPTISTE,BApT i Ste,WYPYT6STE,W1PYTISTE
TRAIN_00829.jpg,PAULINE,"""RENH: P Aulihe",PIPAULIWE,P1PAVLIWE
TRAIN_00830.jpg,MAYATE,HAy At [,HAYATE,HAYATE
TRAIN_00831.jpg,SCHOWOERER,5 ( H Wo € Rf R,SCHWDCBE2,GCHW0C8EZ
TRAIN_00832.jpg,LAVAL ROMAN,LavAL Roman,L4AVALWWH,LPAVALMWH
TRAIN_00833.jpg,BECCHIO,BEc chi 9,WMI7HMICV2CRHY10JJVWI,MW1YWMICVJCFHT10JJV21
TRAIN_00834.jpg,POUGEOLLE,0 U 6 E 0 L  E,PWYDUYGYE0Y7LLYEJ1VWV1M,PWY0V1G1E011LLYEI1VAV1V
TRAIN_00835.jpg,DAGRACA,DA G Ra € 4,WWGBACAY1YYV1JY,WWGBACAY1PYI1V1
TRAIN_00836.jpg,HOLLANDER,HJL LANDE R,WWLJWEB,WWL4WEB
TRAIN_00837.jpg,ELIOTT,"""u;",WSF1I0TT,M1F110TT
TRAIN_00838.jpg,ALLARD,Allar d,WMIYAW1ILVANB0DVVVFC,MM1YAM1ILVANB0DVVV6C
TRAIN_00839.jpg,CLEMENTINE,(lene Nti NE,CLEHEWTIWE,CLENEWTIWE
TRAIN_00840.jpg,LIZEA,Lizea,LFZEA,LIZEA
TRAIN_00841.jpg,BOURGEAY,8ovr g €a Y,30UBFEAY,30VBCEAY
TRAIN_00842.jpg,MAROC,#A Roc,8ICHAB0CR,811HAQ0C1
TRAIN_00843.jpg,LOUZIER,0u 21ER,YIL0UZIEB,Y1L0UZIE8
TRAIN_00844.jpg,HADJ-OTHMANE,#^ Dj-0t hAane,HADJR0INMAWE,HAD7R0IHMAME
TRAIN_00845.jpg,GERVAIS,6EAvAi $,NWIGEBXAFT1SY,1W1GEQVA1TIS1
TRAIN_00846.jpg,EVAN,Evan,EIVAN,F1VAN
TRAIN_00847.jpg,RENARD,RENAR),BWEWAQ7,PWEWAQY
TRAIN_00848.jpg,AUGUSTIN,A Ugust I N,WWAUGWUW5TIWWW,WWAVGWUW5TINWM
TRAIN_00849.jpg,MANEL,MAnCl,HWEL,RWEL
TRAIN_00850.jpg,PECQUERY,PecQuery,IMWIYFECVQ1UYEYBYYY1R,1MM11FECVQ1VYEYPYYY1R
TRAIN_00851.jpg,RIVAS,RiVas,WIK1VAL5,M18IVA15
TRAIN_00852.jpg,BORIS,0 0 R i $,BW0AIS,BW0AIS
TRAIN_00853.jpg,FABIO,ZReNoM; FA Bi 0,FIFABT0IWWZJ,PZFAB70I1W1J
TRAIN_00854.jpg,DESCLOUS,) Es € [ 0 0 5,DESC1DUS,DESCIDVS
TRAIN_00855.jpg,TAGLIAFICO,7 46LTA Ff(o,8ITHGIL1IAFIC0,Y1THG1L1IAFIC0
TRAIN_00856.jpg,COLOMBEL,CoL 0 mBEL,C0L0HBE6,C0L0Y3E6
TRAIN_00857.jpg,MEYER,0 FY € R,DWDEBW14M,TMWEKW1YY
TRAIN_00858.jpg,MATHILDE,PREHOH; MAt hilde,PIPATZH6IL6DE,P1RAT1H1IL1DE
TRAIN_00859.jpg,LAURENZA,l0 u Rf N 70,EAUPFWZD,1AUPFW37
TRAIN_00860.jpg,GIANNI,HW;,WC1ILWJIJ,M111DWV11
TRAIN_00861.jpg,SOFIANE,"S6f , AN €",50F1ANE,50FIAAE
TRAIN_00862.jpg,CROS,Cr 0s,CY80S,CY80S
TRAIN_00863.jpg,PENELOPE,PEnELOPE,WEB,WEW
TRAIN_00864.jpg,NOLAN,No Lah,WJCW,M1CH
TRAIN_00865.jpg,MYRIAM,KY Riah,1WMP7AH,1HYA5AH
TRAIN_00866.jpg,DEFEVER,Ef [V E R,DEFFVEA,DEFEVEF
TRAIN_00867.jpg,MELIKE,hf LikE,DF11KE,DEL1KE
TRAIN_00868.jpg,VIENNOT,Vi ennot,WVJEWNMRWWNYJN,MV5EWNMVVVNVJW
TRAIN_00869.jpg,LAUISSIER,LhU |$57 ( R,LHUI1SS1IFK,LHUI1SS11FK
TRAIN_00870.jpg,DU BOIS,00 Ooi $,DUB01S,DUB0IS
TRAIN_00871.jpg,ANTHEA,Anthea,AWNTHEA1,AMNTH5A1
TRAIN_00872.jpg,FERNANDES,FE rwanhes,I8CFNUEIPNWAFNDES,1F1F1LEIPHGH1NDES
TRAIN_00873.jpg,EMMELINE,E HM€ ( In€,WEWHWWWCWEWW,MEWHKNWCHE1M
TRAIN_00874.jpg,LUIS-ISMAEL,EMOM: ( Vi $: 'Shael,F6LV11SNIISMAEL,P1CY11SI1ISMAEL
TRAIN_00875.jpg,ELINA,EL | NA,EE1NA,GL1NA
TRAIN_00876.jpg,DA COSTA,C0 $ 7A,DACDSTA,DAC0STA
TRAIN_00877.jpg,FISCHER,FiScher,MMFYFMYYVSJCH1JEA14JY,QY1YFYY1VSJCH1IEF1YJR
TRAIN_00878.jpg,MATTHIEU,MAtTh { Eu,M1IEU,TIIEV
TRAIN_00879.jpg,MARDUN,NAkoun,IDWZWBDUNR,1DM1MAFVN1
TRAIN_00880.jpg,LASSAGNE,Lassag NE,LA55AGWE,LAS5AGWE
TRAIN_00881.jpg,LUCIE,2~:,LMWUCWEWEMWD,LMMUCMIMCMM1
TRAIN_00882.jpg,LUCAS,PRENOM; ! Vsks,IW6ILIUIFA15L1,1M11L1UILF1511
TRAIN_00883.jpg,GALVAIRE,6ALvai R€,GALJPFBE,GALVA5PE
TRAIN_00884.jpg,ANDRIEUX,An Ric V,BND8IGU2,BNDXIECX
TRAIN_00885.jpg,MAILYS,KHEHH; KAilys,MIHA7LYS,M1YATLYS
TRAIN_00886.jpg,NOA,Uo,MMIYMWD1YAITU1JIY,MM1YMWD1VA1TV1J1Y
TRAIN_00887.jpg,CABROL,CQbQol,CWPBJB2L,CGP31Q0L
TRAIN_00888.jpg,SIGNORI,51 g WoR,5M9GW0B1,5P1GV081
TRAIN_00889.jpg,APPASSAMY,A P Pa $ $ A H Y,APPA5SAHY,APPAG5AHY
TRAIN_00890.jpg,MOUJAHID,Moujahin,WYUSAHZD,WYUSAHID
TRAIN_00891.jpg,BRANDILY,Brandily,BW8AWD1I1Y,8MKAWD11LY
TRAIN_00892.jpg,TRISTAN,Tr / Sta W,TBJSTAN,T81STAN
TRAIN_00893.jpg,BOCHU,80c hu,WWHU,WMHU
TRAIN_00894.jpg,CHARTON,ch & Rt 6n,C4A8T0N,C4AFT04
TRAIN_00895.jpg,GASSAYE,Ga5 say E,GASSAYE,GASSAYE
TRAIN_00896.jpg,ZURABIANI,Zora O1 AN |,PIZ0PABIANII,P1ZUBABIANI1
TRAIN_00897.jpg,SIMON,5 i M 0 N,MSWINW0WNLW,MGWFN10WNIW
TRAIN_00898.jpg,ROUSSE,Rousse,B0W5E,P0W5E
TRAIN_00899.jpg,THOMAS,Thomas,PITL7UWS,P1T17UW5
TRAIN_00900.jpg,GALFRE,galfre,D2G6PLF6BED,M1G1ALF1PEI
TRAIN_00901.jpg,CANELLE,PHEHH: ( AHElle,QICANELLEJ,M1CAWELLE1
TRAIN_00902.jpg,LAFITTE,LAFi TTE,WWFIYEVV4YHVIV,HWFIREVVAIVV1I
TRAIN_00903.jpg,CAMILLE,Cami LLc,CAWLLF,CAMLLE
TRAIN_00904.jpg,MANON,"""H; HAV V",WIHPW0W,M1HNV0V
TRAIN_00905.jpg,SIX,S | X,IMMIMSW7IXVT4Y11A7N,1MM1YSW5IXVTV111M7N
TRAIN_00906.jpg,ALVES,Alves,WW2YALYVESY1VYY,NM11ALYVES11IY1
TRAIN_00907.jpg,GAUTIER,6 0 UTIG R,GAWIEP,GAWIEA
TRAIN_00908.jpg,LOVAIL,LovAIL,LUUAIL,LUVAI6
TRAIN_00909.jpg,DELACOUR,DELA € our,DELAE0CP,DFLACDLP
TRAIN_00910.jpg,ANAE,"""HEHH;",WIANAE,M1AWAE
TRAIN_00911.jpg,BOURGEOIS,0 6 E 0,BW0U26F01NY,BM0V2GF0I1Y
TRAIN_00912.jpg,FORTRIE,Tor 7 Ri €,F0B7BIE,F087PIE
TRAIN_00913.jpg,FATHANE,Fat Hk Ne,LWMIYNFAPTVHVHJNWFUIVN,1MYYYWFA1TVHVAJTNRV1VN
TRAIN_00914.jpg,ADRIEN,9 0R |E0,9DA1EM,ADA1EM
TRAIN_00915.jpg,CHAPELLE,(HApelll,8CCIHA6PIKWLRLC,P1CIHA1P1EALILC
TRAIN_00916.jpg,CHELAMAT,(h € lAmat,CHELAHAT,CHELAHAT
TRAIN_00917.jpg,BENJAMIN,BENJ Aw!V,P62NBEIWIJIHAMULLWJWW6J,P111BE1N1JIAAY1I1M11W1L
TRAIN_00918.jpg,CAILLE,illf,UTL1LE,HRL1LF
TRAIN_00919.jpg,STEPHAN,StEp#an,STFPH4W,YTEPHAW
TRAIN_00920.jpg,ALEXIS,Al EYi $,A1EX1IS,ALEX11S
TRAIN_00921.jpg,ELIQ,Eliq,EL6A,ELG2
TRAIN_00922.jpg,ANTOINE,ZHMH: ANToihe,WLAWTDINF,WCAWT0INF
TRAIN_00923.jpg,NATHAN,Natha N,WATHAN,WATHAN
TRAIN_00924.jpg,LAHOUVE,ia Ho V Ve,MLAHDUVE,MIAHDYIE
TRAIN_00925.jpg,DHINNIN,DhinNin,DHIWNIN,DHIWWIN
TRAIN_00926.jpg,VIGNAUD,Vignau),VI6W9UD,VI6NFVD
TRAIN_00927.jpg,JULIETTE,NAISSANC,JWWU1MIWETTEW,JMWU1M1WETTEW
TRAIN_00928.jpg,LECOULAN,L€ Cou ( k N,LEC00CAW,LECCUEAN
TRAIN_00929.jpg,NAVET,AVE,WWIMHWA6VVYFTY1SJJN,MM1MHMAGVVYETY1JJJY
TRAIN_00930.jpg,FORSTER,Fo RSTer,FCQ8,FCHK
TRAIN_00931.jpg,SELEN,S € L En,WSWELWWWNM,MSMELMWWMM
TRAIN_00932.jpg,WILLIAM,Kian,W1L11AH,W1LL1FX
TRAIN_00933.jpg,JULES,PREMH: JV les,PIJULFS,P1JYLES
TRAIN_00934.jpg,CHERNOV,chernos,WWIAWCHIIUQLNT0DV3DUYI,MQ1MWCH2FVPLNJ00VJQ6Y1
TRAIN_00935.jpg,JONATHAN,JcnaT Hh,JCNHTHHW,JCWHTHHW
TRAIN_00936.jpg,FLORIS,PREMOM; FLo 81 $,IPIFL0B9SI,1PTFL0P1S1
TRAIN_00937.jpg,MARIELLA,0A R iELLA,NABFELLA,NABIELLA
TRAIN_00938.jpg,ABDERRAHMANE,0 8d € 8A Hhmhne,AADEHBHHNHWI,HBDEPQHYPYWE
TRAIN_00939.jpg,NOHEMIE,Hazh; No H!mi €,PIWQHELMJIE,P1N5HE1YVIE
TRAIN_00940.jpg,RUSSMANN,Qv 5 $ MA Nn,PUSSMAHN1,PUSSYAHW1
TRAIN_00941.jpg,BRICE,Ar i c E,1MW61E,1MM61E
TRAIN_00942.jpg,HARAJ,HARA,WJINIAA11AYN,MD1YIAFI1A7A
TRAIN_00943.jpg,SOLAL,50 L A !,S0LAI,SJ2A2
TRAIN_00944.jpg,CAEN,Caen,CWW,CWN
TRAIN_00945.jpg,RABAI,Ra Ba ;,WBAF,HBHF
TRAIN_00946.jpg,AGRATINA,#6 Rft i N#,DWGPATIRMA11I1Y,AMGPAT11WA11111
TRAIN_00947.jpg,OHANESSIAN,Qhantss ian,0HAWESSIDW,0H0HES5IAW
TRAIN_00948.jpg,TITOUAN,tito van,NMT0UAH,H4T0UAH
TRAIN_00949.jpg,LEA,Lea,LIEA,L1EA
TRAIN_00950.jpg,MATHILDE,#athilse,NATHILDE,7ATHILDE
TRAIN_00951.jpg,EMPTY,Ra Bek i 0 DAn A,WBEHIADANA,WBEPIHDAWA
TRAIN_00952.jpg,BEAUDOVIN,0€ 40 O 0in,IAW21BEFYU1MMYU1V1H7Y,11M11BEFYU1YMYV1VCWTT
TRAIN_00953.jpg,KERYAN,Ke r / 0 M,KEBYAN,KE8YAN
TRAIN_00954.jpg,SARDIN,SARDI N,WW7YPYDYIWY7W7E4N,WM1YP1D1IN11WYFPN
TRAIN_00955.jpg,BIZHEVA,6|zheva,B17HEVA,BI3HEVA
TRAIN_00956.jpg,VLALADE,NOH:,LWWIMUWJ6UAY1D71NFZ56W,1MM1MYW1GJAY137IDF256W
TRAIN_00957.jpg,GUERRIER,6verrier,GUEBB1EB,GUEP81E8
TRAIN_00958.jpg,THERON,ThERon,THEH0W,THEK0W
TRAIN_00959.jpg,HUGU,""" HEHH; HVg 0",BIHVGU,P1HVGU
TRAIN_00960.jpg,GUILLAUME,60 ; + Laume,GWUIIL6AUYEYF,GMV11LVHVYE1T
TRAIN_00961.jpg,LOOMAN,F; | OOMV,WIL5SMAW,M1ERRMAW
TRAIN_00962.jpg,MARJOAIE,Mar Jo A | (,MABJ0BIE,YAAJ0A1E
TRAIN_00963.jpg,CAVALIER,cavalicr,LWCCHVALIEB,1M1CAVALIFB
TRAIN_00964.jpg,MOKKTARI,00 K #T,MDKHTAA1,P0KHTAPI
TRAIN_00965.jpg,MARGOT,Hi € 60T,HWHFG0T,HWAFG0T
TRAIN_00966.jpg,RISS,RISS,TWI57,QMIY1
TRAIN_00967.jpg,MISHA,JHH; HiJhA,WIMISHA,M1MISHA
TRAIN_00968.jpg,ROXANNE,RRHOM; Po kANUe,PFBDXAWWE,P180XPVVE
TRAIN_00969.jpg,CHLOE,ChLoe,C1MHUE,C1MHUE
TRAIN_00970.jpg,BELLES,0 € L L € $,BWEL1ESV4YYYYYY,BWEL1ESVIT111II
TRAIN_00971.jpg,LOU-ANNE,PAEHOM: [ OU: ANNC,PC10UHANW,PCL0V1ANW
TRAIN_00972.jpg,CHATAIN,Chtain,UGTAIN,UGTAIW
TRAIN_00973.jpg,GUAY,Gu A V,WYSYWMYAVVJFUCWU,MY1YWY1AVVJVVAWV
TRAIN_00974.jpg,ROCQUELAY,Roc QU El Ay,BWWQUELAXY71,AMWQUELAYV11
TRAIN_00975.jpg,LECLOIREL,EcLoi rE (,LECLWBEC,LECLM8EC
TRAIN_00976.jpg,ROMET,pone /,8CE0DEI1JI16,Y1VRNE1Y1111
TRAIN_00977.jpg,DE BOISSE,B0i $ $ E,DEBDFSSE,DEBDISSE
TRAIN_00978.jpg,JOANNY,Jo H  |Y,JQAMHN,JYAMFJ
TRAIN_00979.jpg,TING,,2T1W1AGAW,6T1W11G1M
TRAIN_00980.jpg,NATHAN,Nathan,WATHAW,WATHAW
TRAIN_00981.jpg,THIBAUD,ThIRAv),THI8A1UD,THI8A1VD
TRAIN_00982.jpg,TAS,TA$,TWASYHYIYYY,TWAS1YY11YY
TRAIN_00983.jpg,LESAULNIER,LEs Hulhier,FILEAYUL7WIYEYB,P11EA1UL1MIYE1Q
TRAIN_00984.jpg,DUMOULIN,Du Kov Lin,DUR0UCTW,DV70VC7N
TRAIN_00985.jpg,ARMEL,R Mc L,ABYEL,A8YEL
TRAIN_00986.jpg,GAUTHIER,6 A UT 4 i & Q,GWQAUWTWHTEGDW,GMQAUMTWHIEGDM
TRAIN_00987.jpg,LISA,HRENM; | IS E,IIP2LI5AIIAJJ,11P1LISAI1A11
TRAIN_00988.jpg,YERI-CHRIZELDA,(6ri-Chkizeloa,YEBINCHB1ZELDA,YEQIICHB1ZELDA
TRAIN_00989.jpg,MARVIN,Harvi H,HWVJIW,HWVILH
TRAIN_00990.jpg,KALIS,KALIs,MWIYKAYLIY4SV1VW11,MM11KAYLI1Y5V1VV11
TRAIN_00991.jpg,SASHA,Sa Sh 0,WYSHA,DYSHA
TRAIN_00992.jpg,MAUD,HaUd,7AUD,YAUD
TRAIN_00993.jpg,ELLAN,HH; Awl An,WIILLAN,W1I66AW
TRAIN_00994.jpg,ZOE,HM: Z0L,WIIDE,M1I0E
TRAIN_00995.jpg,CYANEE,Cya ne e,CYHDEE1,CYAAEEI
TRAIN_00996.jpg,CHARRIN,eh+ R R In,EH4BBIW,EHABQIW
TRAIN_00997.jpg,VELASCO,VElasco,VELNSC0,VECASC0
TRAIN_00998.jpg,NADIR,Ao;,I1WIWIWN,11P1W1WI
TRAIN_00999.jpg,MATHIEU,Hat h |ev,HATHIEU,YATHIEV
TRAIN_01000.jpg,SAMUEL,(4,SMWAHMUWECAM,SMMAHMCQE1AM
