FILENAME,IDENTITY
TRAIN_00001.jpg,BALTHAZAR
TRAIN_00002.jpg,SIMON
TRAIN_00003.jpg,BENES
TRAIN_00004.jpg,LA LOVE
TRAIN_00005.jpg,DAPHNE
TRAIN_00006.jpg,LUCIE
TRAIN_00007.jpg,NASSIM
TRAIN_00008.jpg,ASSRAOUI
TRAIN_00009.jpg,LAVIAN
TRAIN_00010.jpg,MAEVA
TRAIN_00011.jpg,EMMA
TRAIN_00012.jpg,MOULINIER
TRAIN_00013.jpg,ELISE
TRAIN_00014.jpg,HONNERT
TRAIN_00015.jpg,MATHEO
TRAIN_00016.jpg,PETITDIDIER
TRAIN_00017.jpg,PAULINE
TRAIN_00018.jpg,LOUVENAZ
TRAIN_00019.jpg,BOURQUIN
TRAIN_00020.jpg,ROMAIN
TRAIN_00021.jpg,ASMA
TRAIN_00022.jpg,CYRIELLE
TRAIN_00023.jpg,LILOU
TRAIN_00024.jpg,ESTEBANN
TRAIN_00025.jpg,MITHIEUX
TRAIN_00026.jpg,MARION
TRAIN_00027.jpg,THOMAS
TRAIN_00028.jpg,ANAIS
TRAIN_00029.jpg,BROLL
TRAIN_00030.jpg,JAFFEUX
TRAIN_00031.jpg,ANNE
TRAIN_00032.jpg,PREVOST
TRAIN_00033.jpg,ROMANE
TRAIN_00034.jpg,BRUGERIE
TRAIN_00035.jpg,NOLAN
TRAIN_00036.jpg,LORENTIN
TRAIN_00037.jpg,ELISA
TRAIN_00038.jpg,PAULINE
TRAIN_00039.jpg,FRANCOIS
TRAIN_00040.jpg,MAUPAS
TRAIN_00041.jpg,MEISSA
TRAIN_00042.jpg,REBACH
TRAIN_00043.jpg,ERWAN
TRAIN_00044.jpg,AMBROISE
TRAIN_00045.jpg,LAURA
TRAIN_00046.jpg,AHMED-KHODJA
TRAIN_00047.jpg,LOISE
TRAIN_00048.jpg,ELBAKKALI
TRAIN_00049.jpg,BENZINA
TRAIN_00050.jpg,LAQUERRIERE
TRAIN_00051.jpg,YAEL
TRAIN_00052.jpg,VITRE
TRAIN_00053.jpg,GUILLOT GOGUET
TRAIN_00054.jpg,BOLOZAN
TRAIN_00055.jpg,MATHEO
TRAIN_00056.jpg,SHA I
TRAIN_00057.jpg,VICTORIA
TRAIN_00058.jpg,JULIE
TRAIN_00059.jpg,BARBIER
TRAIN_00060.jpg,GILLES-LAWRENCE
TRAIN_00061.jpg,DUPRAT
TRAIN_00062.jpg,LABARH
TRAIN_00063.jpg,REMI
TRAIN_00064.jpg,BLANLO
TRAIN_00065.jpg,ARGITXU
TRAIN_00066.jpg,SINEM
TRAIN_00067.jpg,LISON
TRAIN_00068.jpg,PAYEN-MERLE
TRAIN_00069.jpg,INES
TRAIN_00070.jpg,NAWFEL
TRAIN_00071.jpg,WADSWORRE
TRAIN_00072.jpg,CROCHARD
TRAIN_00073.jpg,FREDERIC
TRAIN_00074.jpg,RODRIGUES
TRAIN_00075.jpg,AUBANE
TRAIN_00076.jpg,ELISA
TRAIN_00077.jpg,ACHOURI
TRAIN_00078.jpg,MAEVA
TRAIN_00079.jpg,GRINAND
TRAIN_00080.jpg,ANTOINE
TRAIN_00081.jpg,SANA
TRAIN_00082.jpg,ENZO
TRAIN_00083.jpg,DOMAS
TRAIN_00084.jpg,MALOLEPSZY
TRAIN_00085.jpg,THOMAS
TRAIN_00086.jpg,JULIE
TRAIN_00087.jpg,KADIR EREN
TRAIN_00088.jpg,PERIOL
TRAIN_00089.jpg,BGUGEAU
TRAIN_00090.jpg,SOCHET
TRAIN_00091.jpg,TROUVAT
TRAIN_00092.jpg,GARGUEB
TRAIN_00093.jpg,CORALIE
TRAIN_00094.jpg,VANDENABEELE
TRAIN_00095.jpg,TEZKRAT
TRAIN_00096.jpg,ASHLEY
TRAIN_00097.jpg,CAGNARD
TRAIN_00098.jpg,SANOGO
TRAIN_00099.jpg,AMBROSS
TRAIN_00100.jpg,GAROT
TRAIN_00101.jpg,NOUR
TRAIN_00102.jpg,TIMOTHEE
TRAIN_00103.jpg,MILIANI-THIBA
TRAIN_00104.jpg,THEO
TRAIN_00105.jpg,GOURDELIER
TRAIN_00106.jpg,VINCENT
TRAIN_00107.jpg,WILLOQUAUX
TRAIN_00108.jpg,LOVIS
TRAIN_00109.jpg,VERSTRAETE
TRAIN_00110.jpg,SINDI
TRAIN_00111.jpg,LUC
TRAIN_00112.jpg,EMMA
TRAIN_00113.jpg,DERVAUX
TRAIN_00114.jpg,GUILLO
TRAIN_00115.jpg,MEUDIER
TRAIN_00116.jpg,COLLIN
TRAIN_00117.jpg,MACKER
TRAIN_00118.jpg,RAPHAEL
TRAIN_00119.jpg,FERON
TRAIN_00120.jpg,DAUMESNIL
TRAIN_00121.jpg,VINCENT
TRAIN_00122.jpg,BOUTET
TRAIN_00123.jpg,BERNARD
TRAIN_00124.jpg,BENLAHSEN
TRAIN_00125.jpg,COSSA
TRAIN_00126.jpg,BELOEIL
TRAIN_00127.jpg,MARTINS
TRAIN_00128.jpg,RAYANE
TRAIN_00129.jpg,BRACONNIER
TRAIN_00130.jpg,ANDREA
TRAIN_00131.jpg,BOEUF
TRAIN_00132.jpg,BAPTISTE
TRAIN_00133.jpg,CHRUSCIEL
TRAIN_00134.jpg,JAUREGUIBERRY
TRAIN_00135.jpg,SATDANI
TRAIN_00136.jpg,VINCOTTE
TRAIN_00137.jpg,NAIT SIDI AHMED
TRAIN_00138.jpg,JANATI
TRAIN_00139.jpg,GARRIDO
TRAIN_00140.jpg,BENSAIS RUEDA
TRAIN_00141.jpg,ULA
TRAIN_00142.jpg,LUC
TRAIN_00143.jpg,GARCIA
TRAIN_00144.jpg,GENIQUE-ENNIS
TRAIN_00145.jpg,OCEANE
TRAIN_00146.jpg,ALEXANDRE
TRAIN_00147.jpg,MALTET
TRAIN_00148.jpg,PEREZ
TRAIN_00149.jpg,LEGRANCHE
TRAIN_00150.jpg,ROMANE
TRAIN_00151.jpg,ANDRE
TRAIN_00152.jpg,LILI
TRAIN_00153.jpg,RICK
TRAIN_00154.jpg,ORLANNE
TRAIN_00155.jpg,EWEN
TRAIN_00156.jpg,BOGLARKA
TRAIN_00157.jpg,GUST
TRAIN_00158.jpg,LIUUT
TRAIN_00159.jpg,DJAVID
TRAIN_00160.jpg,MARGAUX
TRAIN_00161.jpg,DHULU
TRAIN_00162.jpg,CADWAL
TRAIN_00163.jpg,WATTIEZ
TRAIN_00164.jpg,CORDON
TRAIN_00165.jpg,QUENTIN
TRAIN_00166.jpg,RAYAN
TRAIN_00167.jpg,THOMAS
TRAIN_00168.jpg,CUCHERIL
TRAIN_00169.jpg,LOUIS
TRAIN_00170.jpg,ELINE
TRAIN_00171.jpg,ARTHUR
TRAIN_00172.jpg,GUEDJ
TRAIN_00173.jpg,FONTAINE
TRAIN_00174.jpg,SIMEON
TRAIN_00175.jpg,GARCIA
TRAIN_00176.jpg,LEGRAND
TRAIN_00177.jpg,CORENTIN
TRAIN_00178.jpg,MARIE
TRAIN_00179.jpg,ENATH
TRAIN_00180.jpg,EMMA
TRAIN_00181.jpg,MOLDE
TRAIN_00182.jpg,CHARLOTTE
TRAIN_00183.jpg,CAMILLE
TRAIN_00184.jpg,MAILLET
TRAIN_00185.jpg,MAUNIER
TRAIN_00186.jpg,REBECCA
TRAIN_00187.jpg,TRISTAN
TRAIN_00188.jpg,TAIVEL
TRAIN_00189.jpg,BENJAMIN
TRAIN_00190.jpg,RODRIGUEZ
TRAIN_00191.jpg,GILLE
TRAIN_00192.jpg,PIBOURRET
TRAIN_00193.jpg,HAJJI
TRAIN_00194.jpg,LINE
TRAIN_00195.jpg,REYNAL
TRAIN_00196.jpg,NATHAN
TRAIN_00197.jpg,CROENNE
TRAIN_00198.jpg,ILLANA
TRAIN_00199.jpg,AGNUS
TRAIN_00200.jpg,ROMAIN
TRAIN_00201.jpg,EVAN
TRAIN_00202.jpg,LILOU
TRAIN_00203.jpg,MATHIS
TRAIN_00204.jpg,KHELOUL
TRAIN_00205.jpg,YOCOUBI
TRAIN_00206.jpg,COLINE
TRAIN_00207.jpg,MELIA
TRAIN_00208.jpg,FUZELU
TRAIN_00209.jpg,ROUES
TRAIN_00210.jpg,MAXIME
TRAIN_00211.jpg,GIBAJA
TRAIN_00212.jpg,DAVID
TRAIN_00213.jpg,MAELYS
TRAIN_00214.jpg,ROBERT
TRAIN_00215.jpg,SACHA
TRAIN_00216.jpg,ELOISE
TRAIN_00217.jpg,CONSTANT
TRAIN_00218.jpg,AMAL
TRAIN_00219.jpg,AMELIE
TRAIN_00220.jpg,DYLAN
TRAIN_00221.jpg,COUDOUR
TRAIN_00222.jpg,CAER
TRAIN_00223.jpg,UGO
TRAIN_00224.jpg,FLORA
TRAIN_00225.jpg,ELOAN
TRAIN_00226.jpg,KADDAR
TRAIN_00227.jpg,KECIAN
TRAIN_00228.jpg,HUDON
TRAIN_00229.jpg,BUTEUX
TRAIN_00230.jpg,DUAULT
TRAIN_00231.jpg,BENITO
TRAIN_00232.jpg,VERENE
TRAIN_00233.jpg,MAILI
TRAIN_00234.jpg,BROSSARD
TRAIN_00235.jpg,GWENOLA
TRAIN_00236.jpg,PEREIRA
TRAIN_00237.jpg,MONICA
TRAIN_00238.jpg,EMELINE
TRAIN_00239.jpg,TANGUY
TRAIN_00240.jpg,MATHIEU
TRAIN_00241.jpg,RAPHAELLE
TRAIN_00242.jpg,MATTEO
TRAIN_00243.jpg,LEA
TRAIN_00244.jpg,REDWAN
TRAIN_00245.jpg,CAROLANE
TRAIN_00246.jpg,EDGAR
TRAIN_00247.jpg,EMPTY
TRAIN_00248.jpg,DUHOUX
TRAIN_00249.jpg,CLEMENT-GAUTIER
TRAIN_00250.jpg,WANDA
TRAIN_00251.jpg,THOMAS
TRAIN_00252.jpg,SAGEAUX
TRAIN_00253.jpg,OSCAR
TRAIN_00254.jpg,SARAH
TRAIN_00255.jpg,SUEDA
TRAIN_00256.jpg,GAUTHIER
TRAIN_00257.jpg,CLARA
TRAIN_00258.jpg,JOUI
TRAIN_00259.jpg,GUILHEM
TRAIN_00260.jpg,LE'DU
TRAIN_00261.jpg,REZKALLAN
TRAIN_00262.jpg,YOHAN
TRAIN_00263.jpg,KLARA
TRAIN_00264.jpg,LESSEUR
TRAIN_00265.jpg,BENKHEROUF
TRAIN_00266.jpg,PERAINE
TRAIN_00267.jpg,REDA
TRAIN_00268.jpg,COLIN
TRAIN_00269.jpg,HENEUVRIER
TRAIN_00270.jpg,UGO
TRAIN_00271.jpg,AVRIL
TRAIN_00272.jpg,CRESPIN
TRAIN_00273.jpg,DEMONGEOT
TRAIN_00274.jpg,HELENE
TRAIN_00275.jpg,CHARLOTTE
TRAIN_00276.jpg,QUEHERE
TRAIN_00277.jpg,GANOO
TRAIN_00278.jpg,LOUIS
TRAIN_00279.jpg,MARGAUX
TRAIN_00280.jpg,DYLAN
TRAIN_00281.jpg,BERGEAULT
TRAIN_00282.jpg,MALIA
TRAIN_00283.jpg,GUILLEMETTE
TRAIN_00284.jpg,HUGO
TRAIN_00285.jpg,GAVETTI
TRAIN_00286.jpg,ARTHUR
TRAIN_00287.jpg,FLORE
TRAIN_00288.jpg,LE GOALLER
TRAIN_00289.jpg,LOUISE
TRAIN_00290.jpg,VICTOR
TRAIN_00291.jpg,RAMERINI
TRAIN_00292.jpg,SAUVAGE
TRAIN_00293.jpg,MAUD
TRAIN_00294.jpg,SIMON
TRAIN_00295.jpg,GORIN
TRAIN_00296.jpg,THIRION
TRAIN_00297.jpg,COULIS
TRAIN_00298.jpg,MARRISA
TRAIN_00299.jpg,ARADJ
TRAIN_00300.jpg,CHLOE
TRAIN_00301.jpg,TOURY
TRAIN_00302.jpg,FLORA
TRAIN_00303.jpg,CHARLOTTE
TRAIN_00304.jpg,AYMERICH
TRAIN_00305.jpg,YOUCEF
TRAIN_00306.jpg,ARIANE
TRAIN_00307.jpg,DUROCHAT
TRAIN_00308.jpg,GEFFROY
TRAIN_00309.jpg,RAZAKARIVELO
TRAIN_00310.jpg,GUERRIER
TRAIN_00311.jpg,NOEL
TRAIN_00312.jpg,BOUILLAUD
TRAIN_00313.jpg,ELISIA
TRAIN_00314.jpg,HUGO
TRAIN_00315.jpg,PLANTARD
TRAIN_00316.jpg,YANG
TRAIN_00317.jpg,MAXENCE
TRAIN_00318.jpg,LUNA
TRAIN_00319.jpg,SASHA
TRAIN_00320.jpg,LIPPENS
TRAIN_00321.jpg,JULIE
TRAIN_00322.jpg,TRISTAN
TRAIN_00323.jpg,BONNIE
TRAIN_00324.jpg,DELONGEAS
TRAIN_00325.jpg,PINEAU
TRAIN_00326.jpg,PLICHON
TRAIN_00327.jpg,NOHANED-ALI
TRAIN_00328.jpg,TONY
TRAIN_00329.jpg,RHITHAN
TRAIN_00330.jpg,RUGNTER
TRAIN_00331.jpg,ZOHRA
TRAIN_00332.jpg,THELMA
TRAIN_00333.jpg,NAVE
TRAIN_00334.jpg,OVIZE
TRAIN_00335.jpg,DE ARAUJO
TRAIN_00336.jpg,LEA
TRAIN_00337.jpg,MOKHTAR-DIDOUCHE
TRAIN_00338.jpg,GUILLET
TRAIN_00339.jpg,COUMES
TRAIN_00340.jpg,BENNOURA
TRAIN_00341.jpg,ALIX
TRAIN_00342.jpg,FLAVIE
TRAIN_00343.jpg,GROLLEAU
TRAIN_00344.jpg,BRILLET
TRAIN_00345.jpg,NUGUE
TRAIN_00346.jpg,BONNEFOUX
TRAIN_00347.jpg,ARTHUR
TRAIN_00348.jpg,HODE
TRAIN_00349.jpg,ANAIS
TRAIN_00350.jpg,CASSANDRA
TRAIN_00351.jpg,GUILHEM
TRAIN_00352.jpg,JUNIOR
TRAIN_00353.jpg,TUIGI
TRAIN_00354.jpg,SOLENE
TRAIN_00355.jpg,ELINA
TRAIN_00356.jpg,FRANCOIS
TRAIN_00357.jpg,CHARTRIN
TRAIN_00358.jpg,SIMON
TRAIN_00359.jpg,PAUL
TRAIN_00360.jpg,JOSUE
TRAIN_00361.jpg,MATISSE
TRAIN_00362.jpg,SCHELL
TRAIN_00363.jpg,ALIZEE
TRAIN_00364.jpg,CELIA
TRAIN_00365.jpg,THEO
TRAIN_00366.jpg,PIETRUSZEWSKI
TRAIN_00367.jpg,BESSIERE
TRAIN_00368.jpg,ADRIEW
TRAIN_00369.jpg,POLLET
TRAIN_00370.jpg,ALBIN
TRAIN_00371.jpg,MIHAI
TRAIN_00372.jpg,COLIN
TRAIN_00373.jpg,MARGAUY
TRAIN_00374.jpg,DANON
TRAIN_00375.jpg,ANAELLE
TRAIN_00376.jpg,HEDI
TRAIN_00377.jpg,LE DUS
TRAIN_00378.jpg,HASSON
TRAIN_00379.jpg,LILIAN
TRAIN_00380.jpg,MARTIN
TRAIN_00381.jpg,THCO
TRAIN_00382.jpg,KAYMAK
TRAIN_00383.jpg,LECAUDE
TRAIN_00384.jpg,TANAIS
TRAIN_00385.jpg,BRACQUEMART
TRAIN_00386.jpg,LEO
TRAIN_00387.jpg,CHARLOTTE
TRAIN_00388.jpg,VAWRZYNIAK
TRAIN_00389.jpg,KAISER
TRAIN_00390.jpg,MATHIEU
TRAIN_00391.jpg,DORIDANT
TRAIN_00392.jpg,LIN
TRAIN_00393.jpg,MVOU DELORME
TRAIN_00394.jpg,CONDE-LAVALETTE
TRAIN_00395.jpg,ALYSSA
TRAIN_00396.jpg,DUGNOLLE
TRAIN_00397.jpg,BORDELET
TRAIN_00398.jpg,CAMILLE
TRAIN_00399.jpg,APOLLINE
TRAIN_00400.jpg,GUEMART
TRAIN_00401.jpg,CALOEE
TRAIN_00402.jpg,YAVO
TRAIN_00403.jpg,PERES
TRAIN_00404.jpg,ARTHUR
TRAIN_00405.jpg,ADRIEN
TRAIN_00406.jpg,AGNESA
TRAIN_00407.jpg,TEA
TRAIN_00408.jpg,PERRIER
TRAIN_00409.jpg,MENAGER
TRAIN_00410.jpg,GABIN
TRAIN_00411.jpg,CLARA
TRAIN_00412.jpg,LAUMET
TRAIN_00413.jpg,DUSSAIGNE RAPHAEL
TRAIN_00414.jpg,AUDE
TRAIN_00415.jpg,AZMANI
TRAIN_00416.jpg,KIMELIE
TRAIN_00417.jpg,MUGO
TRAIN_00418.jpg,MATHIS
TRAIN_00419.jpg,BERARD
TRAIN_00420.jpg,LUCIE
TRAIN_00421.jpg,BRUGEROLLE
TRAIN_00422.jpg,GAITI
TRAIN_00423.jpg,THEO
TRAIN_00424.jpg,PIGUET
TRAIN_00425.jpg,JAUBERT
TRAIN_00426.jpg,QUEMTIN
TRAIN_00427.jpg,ANTOINE
TRAIN_00428.jpg,BEBON
TRAIN_00429.jpg,AXELLE
TRAIN_00430.jpg,MAURICE
TRAIN_00431.jpg,BOURLES
TRAIN_00432.jpg,MAELLE
TRAIN_00433.jpg,TITOUAN
TRAIN_00434.jpg,LUCILE
TRAIN_00435.jpg,MARC-ANTOINE
TRAIN_00436.jpg,HARCHAND
TRAIN_00437.jpg,BRITNEY
TRAIN_00438.jpg,NATHAN
TRAIN_00439.jpg,HOLLEVILLE
TRAIN_00440.jpg,YOU
TRAIN_00441.jpg,CLARA
TRAIN_00442.jpg,FEMIET
TRAIN_00443.jpg,ANAIS
TRAIN_00444.jpg,CORBET
TRAIN_00445.jpg,FROSIO
TRAIN_00446.jpg,INACIO
TRAIN_00447.jpg,CAMILLE
TRAIN_00448.jpg,SIMON
TRAIN_00449.jpg,HAMZAOUI
TRAIN_00450.jpg,BAUDOUIN
TRAIN_00451.jpg,CHIRINE
TRAIN_00452.jpg,LINHART
TRAIN_00453.jpg,FAYARD
TRAIN_00454.jpg,MERAT
TRAIN_00455.jpg,KHELOUFI
TRAIN_00456.jpg,CHLOE
TRAIN_00457.jpg,BASTIEN
TRAIN_00458.jpg,JEANNE
TRAIN_00459.jpg,NOEMIE
TRAIN_00460.jpg,GILLETTE
TRAIN_00461.jpg,BLONDEAU
TRAIN_00462.jpg,BOUQUE
TRAIN_00463.jpg,LINDSAY
TRAIN_00464.jpg,DERET
TRAIN_00465.jpg,DURAND
TRAIN_00466.jpg,CHRISTOPHE
TRAIN_00467.jpg,BAISSIERES
TRAIN_00468.jpg,MATHYS
TRAIN_00469.jpg,TURBE
TRAIN_00470.jpg,LEVRIER
TRAIN_00471.jpg,PAUL
TRAIN_00472.jpg,YANN
TRAIN_00473.jpg,LIM
TRAIN_00474.jpg,BEHUET
TRAIN_00475.jpg,SY
TRAIN_00476.jpg,BREGEARD
TRAIN_00477.jpg,KELLIAN
TRAIN_00478.jpg,EMPTY
TRAIN_00479.jpg,DEBAILLEUL
TRAIN_00480.jpg,HANX
TRAIN_00481.jpg,LOUSTALOT
TRAIN_00482.jpg,TARDITI
TRAIN_00483.jpg,RYANE
TRAIN_00484.jpg,JEREMY
TRAIN_00485.jpg,BARAT
TRAIN_00486.jpg,GREGOIRE
TRAIN_00487.jpg,MARION
TRAIN_00488.jpg,TRISTAN
TRAIN_00489.jpg,MONTAGNE
TRAIN_00490.jpg,UTILLE
TRAIN_00491.jpg,LOUIS-LOUP
TRAIN_00492.jpg,ALARCON
TRAIN_00493.jpg,FLAVIE
TRAIN_00494.jpg,MASSON
TRAIN_00495.jpg,AURELIEN
TRAIN_00496.jpg,KYLIAN
TRAIN_00497.jpg,MATTEO
TRAIN_00498.jpg,ENZO
TRAIN_00499.jpg,VALENTIN
TRAIN_00500.jpg,GDULSKI
TRAIN_00501.jpg,ALESSANDRO
TRAIN_00502.jpg,KOMAROFF
TRAIN_00503.jpg,NOEMIE
TRAIN_00504.jpg,LOUIS
TRAIN_00505.jpg,GAUTIER
TRAIN_00506.jpg,BEN MOHAND
TRAIN_00507.jpg,MANON
TRAIN_00508.jpg,TALON
TRAIN_00509.jpg,DE GENOUILLAC
TRAIN_00510.jpg,DUMOULIN
TRAIN_00511.jpg,HENRI
TRAIN_00512.jpg,PLANCHARD
TRAIN_00513.jpg,LACROIX
TRAIN_00514.jpg,GEYER
TRAIN_00515.jpg,VOLPI
TRAIN_00516.jpg,FLORENT
TRAIN_00517.jpg,CHLOE
TRAIN_00518.jpg,RAYAN
TRAIN_00519.jpg,HASSIBI
TRAIN_00520.jpg,NGUER
TRAIN_00521.jpg,MAOUACHE
TRAIN_00522.jpg,MARDY
TRAIN_00523.jpg,DURAND
TRAIN_00524.jpg,CLEMENCE
TRAIN_00525.jpg,ANTHONY
TRAIN_00526.jpg,CLEMENT
TRAIN_00527.jpg,LOUCIB
TRAIN_00528.jpg,HELOISE
TRAIN_00529.jpg,ESSE
TRAIN_00530.jpg,ELISE
TRAIN_00531.jpg,CATRY
TRAIN_00532.jpg,KEDDAR
TRAIN_00533.jpg,BEGUE
TRAIN_00534.jpg,SOLAL
TRAIN_00535.jpg,FANT
TRAIN_00536.jpg,DEBBLASI
TRAIN_00537.jpg,NONE
TRAIN_00538.jpg,MARIE
TRAIN_00539.jpg,LAURA
TRAIN_00540.jpg,TIABIA
TRAIN_00541.jpg,CHEVEREAU
TRAIN_00542.jpg,YOUSSEF
TRAIN_00543.jpg,KAOUTAR
TRAIN_00544.jpg,POIO
TRAIN_00545.jpg,CROUZET-VIVIEN
TRAIN_00546.jpg,NONE
TRAIN_00547.jpg,LOUIS
TRAIN_00548.jpg,MAX
TRAIN_00549.jpg,LEGRAND
TRAIN_00550.jpg,ALEXANDRE
TRAIN_00551.jpg,NAOFEL
TRAIN_00552.jpg,NGONDI
TRAIN_00553.jpg,CAREO-JOBERT
TRAIN_00554.jpg,LOUIS
TRAIN_00555.jpg,BRION
TRAIN_00556.jpg,BACHELARD
TRAIN_00557.jpg,HALBELAID
TRAIN_00558.jpg,LUBET
TRAIN_00559.jpg,GUIDICELLI
TRAIN_00560.jpg,AUGUSTIN
TRAIN_00561.jpg,LUCAS
TRAIN_00562.jpg,BOUSTIE
TRAIN_00563.jpg,LYDIA
TRAIN_00564.jpg,HYLENE
TRAIN_00565.jpg,FISCHER
TRAIN_00566.jpg,SELEN
TRAIN_00567.jpg,ALEXANDRE
TRAIN_00568.jpg,CHAMBRON
TRAIN_00569.jpg,MARAL
TRAIN_00570.jpg,YASSIN
TRAIN_00571.jpg,REMY
TRAIN_00572.jpg,CARESMEL
TRAIN_00573.jpg,CYPRIEN
TRAIN_00574.jpg,ALEXIS
TRAIN_00575.jpg,CLERQUIN
TRAIN_00576.jpg,MANON
TRAIN_00577.jpg,SEGUELA
TRAIN_00578.jpg,BEENAZIEZ
TRAIN_00579.jpg,COTTINET
TRAIN_00580.jpg,JEU
TRAIN_00581.jpg,KOCH
TRAIN_00582.jpg,RAMSEYER
TRAIN_00583.jpg,CHAMPION
TRAIN_00584.jpg,MANON
TRAIN_00585.jpg,PERROS
TRAIN_00586.jpg,CHAMPION
TRAIN_00587.jpg,ALISON
TRAIN_00588.jpg,BOULADE
TRAIN_00589.jpg,ARLIN
TRAIN_00590.jpg,DARENN
TRAIN_00591.jpg,GUERIN
TRAIN_00592.jpg,QUENTIN
TRAIN_00593.jpg,HUGO
TRAIN_00594.jpg,IMANE
TRAIN_00595.jpg,EMMA
TRAIN_00596.jpg,AURIANE
TRAIN_00597.jpg,SERVE
TRAIN_00598.jpg,MARION
TRAIN_00599.jpg,LUCAS
TRAIN_00600.jpg,JULIETTE
TRAIN_00601.jpg,DROINEAU
TRAIN_00602.jpg,MARVIN
TRAIN_00603.jpg,ROY
TRAIN_00604.jpg,MATHEO
TRAIN_00605.jpg,PAULINE
TRAIN_00606.jpg,BORIES
TRAIN_00607.jpg,ROUMENGOU
TRAIN_00608.jpg,ZIELENSKI
TRAIN_00609.jpg,DELRUE
TRAIN_00610.jpg,SINEAD
TRAIN_00611.jpg,CROIZAT
TRAIN_00612.jpg,ZIELENSKY
TRAIN_00613.jpg,ASAITIE
TRAIN_00614.jpg,PAULINE
TRAIN_00615.jpg,GOUDARD
TRAIN_00616.jpg,TOURESSE
TRAIN_00617.jpg,ERIKA
TRAIN_00618.jpg,ELSA
TRAIN_00619.jpg,KOURISNA
TRAIN_00620.jpg,LISE
TRAIN_00621.jpg,DIALUNGANA
TRAIN_00622.jpg,COMBE
TRAIN_00623.jpg,LIEGLER
TRAIN_00624.jpg,NOURDIN
TRAIN_00625.jpg,MAATI
TRAIN_00626.jpg,JOSSE
TRAIN_00627.jpg,MEUNIER
TRAIN_00628.jpg,BENJAMIN
TRAIN_00629.jpg,DELMAIRE
TRAIN_00630.jpg,GWEGUEN
TRAIN_00631.jpg,SARAH
TRAIN_00632.jpg,FRANZ-LEONARD
TRAIN_00633.jpg,TEIXEIRA
TRAIN_00634.jpg,SACHA
TRAIN_00635.jpg,DALLI
TRAIN_00636.jpg,GEORGES
TRAIN_00637.jpg,FLORA
TRAIN_00638.jpg,BRIOT
TRAIN_00639.jpg,PILLON
TRAIN_00640.jpg,MORARD
TRAIN_00641.jpg,ARHUR
TRAIN_00642.jpg,THIBAULT
TRAIN_00643.jpg,FAUGUE
TRAIN_00644.jpg,RAFAEL
TRAIN_00645.jpg,LE PAGE
TRAIN_00646.jpg,LEOGLONNEC
TRAIN_00647.jpg,MFUIDIMAU
TRAIN_00648.jpg,BAROUKH
TRAIN_00649.jpg,CLEMENCE
TRAIN_00650.jpg,SHARON
TRAIN_00651.jpg,LECLERE
TRAIN_00652.jpg,DUFEY
TRAIN_00653.jpg,EVAN
TRAIN_00654.jpg,HUGO
TRAIN_00655.jpg,NICOLEY
TRAIN_00656.jpg,FERCHECHE
TRAIN_00657.jpg,ROOSE
TRAIN_00658.jpg,BORSON
TRAIN_00659.jpg,AZHERIC
TRAIN_00660.jpg,FELIX
TRAIN_00661.jpg,HUET
TRAIN_00662.jpg,MAXIME
TRAIN_00663.jpg,POILVET
TRAIN_00664.jpg,MAYLINE
TRAIN_00665.jpg,KHETTOUP KACI
TRAIN_00666.jpg,CHAVOT
TRAIN_00667.jpg,BENJAMIN
TRAIN_00668.jpg,CELIA
TRAIN_00669.jpg,LODATO
TRAIN_00670.jpg,MAXIME
TRAIN_00671.jpg,MOREL
TRAIN_00672.jpg,EVENAS
TRAIN_00673.jpg,ROMANE
TRAIN_00674.jpg,LEA
TRAIN_00675.jpg,MARTIN
TRAIN_00676.jpg,ILLIAMHAJIUA
TRAIN_00677.jpg,NOVAILLES
TRAIN_00678.jpg,MARGAUX
TRAIN_00679.jpg,MUSIAL
TRAIN_00680.jpg,CHARLES
TRAIN_00681.jpg,BASTIEN
TRAIN_00682.jpg,ROMAIN
TRAIN_00683.jpg,SANA
TRAIN_00684.jpg,DEJESUSTEIXEIRA
TRAIN_00685.jpg,HAVOUNIA-KOUKA
TRAIN_00686.jpg,FATIH
TRAIN_00687.jpg,TATIANA
TRAIN_00688.jpg,GUILLONNET
TRAIN_00689.jpg,VATEL
TRAIN_00690.jpg,CORENTIN
TRAIN_00691.jpg,ELOISE
TRAIN_00692.jpg,HELAL
TRAIN_00693.jpg,BERANGERE
TRAIN_00694.jpg,BEMOULBLED
TRAIN_00695.jpg,LI
TRAIN_00696.jpg,LONG
TRAIN_00697.jpg,PIERRE
TRAIN_00698.jpg,LUCAS
TRAIN_00699.jpg,LARRIEU
TRAIN_00700.jpg,JADE
TRAIN_00701.jpg,NORINE
TRAIN_00702.jpg,GREGOIRE
TRAIN_00703.jpg,ANTOINE
TRAIN_00704.jpg,SOPIANE
TRAIN_00705.jpg,GIRARDET
TRAIN_00706.jpg,VALENTIN
TRAIN_00707.jpg,MAXENCE
TRAIN_00708.jpg,SULTANI
TRAIN_00709.jpg,POEGARD
TRAIN_00710.jpg,MANON
TRAIN_00711.jpg,IMENE
TRAIN_00712.jpg,VERLEYCN
TRAIN_00713.jpg,PIERRE
TRAIN_00714.jpg,DUCULTY
TRAIN_00715.jpg,MIRANA
TRAIN_00716.jpg,EMMA
TRAIN_00717.jpg,ALEXANDRE
TRAIN_00718.jpg,BOUILLON
TRAIN_00719.jpg,JULIE
TRAIN_00720.jpg,ALBAN
TRAIN_00721.jpg,ROMAIN
TRAIN_00722.jpg,ARTUR
TRAIN_00723.jpg,BREGEO
TRAIN_00724.jpg,PUES
TRAIN_00725.jpg,DESSEVRE
TRAIN_00726.jpg,JANE
TRAIN_00727.jpg,CORALIE
TRAIN_00728.jpg,TAILLEFER
TRAIN_00729.jpg,ALEXANDRE
TRAIN_00730.jpg,EVEDJI
TRAIN_00731.jpg,LUCILLE
TRAIN_00732.jpg,SEREMY
TRAIN_00733.jpg,ESTEBAN
TRAIN_00734.jpg,MEHDI
TRAIN_00735.jpg,RAPHAEL
TRAIN_00736.jpg,ANANDINE
TRAIN_00737.jpg,CHLOE
TRAIN_00738.jpg,SIAD
TRAIN_00739.jpg,LEA
TRAIN_00740.jpg,VALENTIN
TRAIN_00741.jpg,TOUIL
TRAIN_00742.jpg,VERISSI
TRAIN_00743.jpg,HERBRETEAU
TRAIN_00744.jpg,LECLERCA
TRAIN_00745.jpg,CECILE
TRAIN_00746.jpg,PEETERMANS
TRAIN_00747.jpg,PAPOT
TRAIN_00748.jpg,ADELYS
TRAIN_00749.jpg,BRIAN
TRAIN_00750.jpg,FIGIEL
TRAIN_00751.jpg,HAZGUI
TRAIN_00752.jpg,LEGOUPIL
TRAIN_00753.jpg,CORBELLINI
TRAIN_00754.jpg,ALANI BINANI
TRAIN_00755.jpg,PESCE
TRAIN_00756.jpg,YANN
TRAIN_00757.jpg,LOU
TRAIN_00758.jpg,APER
TRAIN_00759.jpg,SEMAR
TRAIN_00760.jpg,VICTOR
TRAIN_00761.jpg,MORBU
TRAIN_00762.jpg,LOU
TRAIN_00763.jpg,AUGUSTE
TRAIN_00764.jpg,TAVOREL
TRAIN_00765.jpg,CHAPELLIER
TRAIN_00766.jpg,NATHAN
TRAIN_00767.jpg,GUERAISCHE
TRAIN_00768.jpg,LECONFF
TRAIN_00769.jpg,REY
TRAIN_00770.jpg,MATTHIEO
TRAIN_00771.jpg,CORENTIN
TRAIN_00772.jpg,SARAGOSLI
TRAIN_00773.jpg,NESET
TRAIN_00774.jpg,BELBACHIR
TRAIN_00775.jpg,WITTMANN
TRAIN_00776.jpg,ELOUARD
TRAIN_00777.jpg,PAULINE
TRAIN_00778.jpg,GUIBERT
TRAIN_00779.jpg,HOUL
TRAIN_00780.jpg,KYLIAN
TRAIN_00781.jpg,ETIEVE
TRAIN_00782.jpg,NATHAN
TRAIN_00783.jpg,VASSAL
TRAIN_00784.jpg,KYLIAN
TRAIN_00785.jpg,HUGO
TRAIN_00786.jpg,ALLOING
TRAIN_00787.jpg,BROCNIER
TRAIN_00788.jpg,BACHELOT
TRAIN_00789.jpg,DE MONTILLET
TRAIN_00790.jpg,GUILLAUME
TRAIN_00791.jpg,MALAURY
TRAIN_00792.jpg,RAFINI-GAUBERT
TRAIN_00793.jpg,CONSTANT
TRAIN_00794.jpg,VISIEDO
TRAIN_00795.jpg,MELISSA
TRAIN_00796.jpg,SEGUINEAU
TRAIN_00797.jpg,MORISSEAU
TRAIN_00798.jpg,DIARRA
TRAIN_00799.jpg,CONSTANT
TRAIN_00800.jpg,LAMPE
TRAIN_00801.jpg,BRUYERE
TRAIN_00802.jpg,MARIANI
TRAIN_00803.jpg,GUIMIER
TRAIN_00804.jpg,BAYLE
TRAIN_00805.jpg,SCHWARCZER
TRAIN_00806.jpg,VICIAR
TRAIN_00807.jpg,UNREADABLE
TRAIN_00808.jpg,GUILLERHIN
TRAIN_00809.jpg,ARNAVO
TRAIN_00810.jpg,FLEURY
TRAIN_00811.jpg,LAYANE
TRAIN_00812.jpg,BELVEZE
TRAIN_00813.jpg,EVA
TRAIN_00814.jpg,MARILIE
TRAIN_00815.jpg,LADAWA
TRAIN_00816.jpg,MUSITELLI
TRAIN_00817.jpg,SAADI
TRAIN_00818.jpg,DI - BIN - LOMBARDI
TRAIN_00819.jpg,VISDELOUP
TRAIN_00820.jpg,GAUTIER
TRAIN_00821.jpg,KOURRAD
TRAIN_00822.jpg,ELIO
TRAIN_00823.jpg,LISEA
TRAIN_00824.jpg,CHARLOTTE
TRAIN_00825.jpg,MEHDI
TRAIN_00826.jpg,FLORESCU
TRAIN_00827.jpg,CHENAL
TRAIN_00828.jpg,BAPTISTE
TRAIN_00829.jpg,PAULINE
TRAIN_00830.jpg,MAYATE
TRAIN_00831.jpg,SCHOWOERER
TRAIN_00832.jpg,LAVAL ROMAN
TRAIN_00833.jpg,BECCHIO
TRAIN_00834.jpg,POUGEOLLE
TRAIN_00835.jpg,DAGRACA
TRAIN_00836.jpg,HOLLANDER
TRAIN_00837.jpg,ELIOTT
TRAIN_00838.jpg,ALLARD
TRAIN_00839.jpg,CLEMENTINE
TRAIN_00840.jpg,LIZEA
TRAIN_00841.jpg,BOURGEAY
TRAIN_00842.jpg,MAROC
TRAIN_00843.jpg,LOUZIER
TRAIN_00844.jpg,HADJ-OTHMANE
TRAIN_00845.jpg,GERVAIS
TRAIN_00846.jpg,EVAN
TRAIN_00847.jpg,RENARD
TRAIN_00848.jpg,AUGUSTIN
TRAIN_00849.jpg,MANEL
TRAIN_00850.jpg,PECQUERY
TRAIN_00851.jpg,RIVAS
TRAIN_00852.jpg,BORIS
TRAIN_00853.jpg,FABIO
TRAIN_00854.jpg,DESCLOUS
TRAIN_00855.jpg,TAGLIAFICO
TRAIN_00856.jpg,COLOMBEL
TRAIN_00857.jpg,MEYER
TRAIN_00858.jpg,MATHILDE
TRAIN_00859.jpg,LAURENZA
TRAIN_00860.jpg,GIANNI
TRAIN_00861.jpg,SOFIANE
TRAIN_00862.jpg,CROS
TRAIN_00863.jpg,PENELOPE
TRAIN_00864.jpg,NOLAN
TRAIN_00865.jpg,MYRIAM
TRAIN_00866.jpg,DEFEVER
TRAIN_00867.jpg,MELIKE
TRAIN_00868.jpg,VIENNOT
TRAIN_00869.jpg,LAUISSIER
TRAIN_00870.jpg,DU BOIS
TRAIN_00871.jpg,ANTHEA
TRAIN_00872.jpg,FERNANDES
TRAIN_00873.jpg,EMMELINE
TRAIN_00874.jpg,LUIS-ISMAEL
TRAIN_00875.jpg,ELINA
TRAIN_00876.jpg,DA COSTA
TRAIN_00877.jpg,FISCHER
TRAIN_00878.jpg,MATTHIEU
TRAIN_00879.jpg,MARDUN
TRAIN_00880.jpg,LASSAGNE
TRAIN_00881.jpg,LUCIE
TRAIN_00882.jpg,LUCAS
TRAIN_00883.jpg,GALVAIRE
TRAIN_00884.jpg,ANDRIEUX
TRAIN_00885.jpg,MAILYS
TRAIN_00886.jpg,NOA
TRAIN_00887.jpg,CABROL
TRAIN_00888.jpg,SIGNORI
TRAIN_00889.jpg,APPASSAMY
TRAIN_00890.jpg,MOUJAHID
TRAIN_00891.jpg,BRANDILY
TRAIN_00892.jpg,TRISTAN
TRAIN_00893.jpg,BOCHU
TRAIN_00894.jpg,CHARTON
TRAIN_00895.jpg,GASSAYE
TRAIN_00896.jpg,ZURABIANI
TRAIN_00897.jpg,SIMON
TRAIN_00898.jpg,ROUSSE
TRAIN_00899.jpg,THOMAS
TRAIN_00900.jpg,GALFRE
TRAIN_00901.jpg,CANELLE
TRAIN_00902.jpg,LAFITTE
TRAIN_00903.jpg,CAMILLE
TRAIN_00904.jpg,MANON
TRAIN_00905.jpg,SIX
TRAIN_00906.jpg,ALVES
TRAIN_00907.jpg,GAUTIER
TRAIN_00908.jpg,LOVAIL
TRAIN_00909.jpg,DELACOUR
TRAIN_00910.jpg,ANAE
TRAIN_00911.jpg,BOURGEOIS
TRAIN_00912.jpg,FORTRIE
TRAIN_00913.jpg,FATHANE
TRAIN_00914.jpg,ADRIEN
TRAIN_00915.jpg,CHAPELLE
TRAIN_00916.jpg,CHELAMAT
TRAIN_00917.jpg,BENJAMIN
TRAIN_00918.jpg,CAILLE
TRAIN_00919.jpg,STEPHAN
TRAIN_00920.jpg,ALEXIS
TRAIN_00921.jpg,ELIQ
TRAIN_00922.jpg,ANTOINE
TRAIN_00923.jpg,NATHAN
TRAIN_00924.jpg,LAHOUVE
TRAIN_00925.jpg,DHINNIN
TRAIN_00926.jpg,VIGNAUD
TRAIN_00927.jpg,JULIETTE
TRAIN_00928.jpg,LECOULAN
TRAIN_00929.jpg,NAVET
TRAIN_00930.jpg,FORSTER
TRAIN_00931.jpg,SELEN
TRAIN_00932.jpg,WILLIAM
TRAIN_00933.jpg,JULES
TRAIN_00934.jpg,CHERNOV
TRAIN_00935.jpg,JONATHAN
TRAIN_00936.jpg,FLORIS
TRAIN_00937.jpg,MARIELLA
TRAIN_00938.jpg,ABDERRAHMANE
TRAIN_00939.jpg,NOHEMIE
TRAIN_00940.jpg,RUSSMANN
TRAIN_00941.jpg,BRICE
TRAIN_00942.jpg,HARAJ
TRAIN_00943.jpg,SOLAL
TRAIN_00944.jpg,CAEN
TRAIN_00945.jpg,RABAI
TRAIN_00946.jpg,AGRATINA
TRAIN_00947.jpg,OHANESSIAN
TRAIN_00948.jpg,TITOUAN
TRAIN_00949.jpg,LEA
TRAIN_00950.jpg,MATHILDE
TRAIN_00951.jpg,EMPTY
TRAIN_00952.jpg,BEAUDOVIN
TRAIN_00953.jpg,KERYAN
TRAIN_00954.jpg,SARDIN
TRAIN_00955.jpg,BIZHEVA
TRAIN_00956.jpg,VLALADE
TRAIN_00957.jpg,GUERRIER
TRAIN_00958.jpg,THERON
TRAIN_00959.jpg,HUGU
TRAIN_00960.jpg,GUILLAUME
TRAIN_00961.jpg,LOOMAN
TRAIN_00962.jpg,MARJOAIE
TRAIN_00963.jpg,CAVALIER
TRAIN_00964.jpg,MOKKTARI
TRAIN_00965.jpg,MARGOT
TRAIN_00966.jpg,RISS
TRAIN_00967.jpg,MISHA
TRAIN_00968.jpg,ROXANNE
TRAIN_00969.jpg,CHLOE
TRAIN_00970.jpg,BELLES
TRAIN_00971.jpg,LOU-ANNE
TRAIN_00972.jpg,CHATAIN
TRAIN_00973.jpg,GUAY
TRAIN_00974.jpg,ROCQUELAY
TRAIN_00975.jpg,LECLOIREL
TRAIN_00976.jpg,ROMET
TRAIN_00977.jpg,DE BOISSE
TRAIN_00978.jpg,JOANNY
TRAIN_00979.jpg,TING
TRAIN_00980.jpg,NATHAN
TRAIN_00981.jpg,THIBAUD
TRAIN_00982.jpg,TAS
TRAIN_00983.jpg,LESAULNIER
TRAIN_00984.jpg,DUMOULIN
TRAIN_00985.jpg,ARMEL
TRAIN_00986.jpg,GAUTHIER
TRAIN_00987.jpg,LISA
TRAIN_00988.jpg,YERI-CHRIZELDA
TRAIN_00989.jpg,MARVIN
TRAIN_00990.jpg,KALIS
TRAIN_00991.jpg,SASHA
TRAIN_00992.jpg,MAUD
TRAIN_00993.jpg,ELLAN
TRAIN_00994.jpg,ZOE
TRAIN_00995.jpg,CYANEE
TRAIN_00996.jpg,CHARRIN
TRAIN_00997.jpg,VELASCO
TRAIN_00998.jpg,NADIR
TRAIN_00999.jpg,MATHIEU
TRAIN_01000.jpg,SAMUEL
